angstrom,flux
1074.987,0
1075.468966,0
1075.950931,0
1076.432897,0
1076.914862,0
1077.396828,0
1077.878794,0
1078.360759,0
1078.842725,0
1079.32469,0
1079.806656,0
1080.288622,0
1080.770587,0
1081.252553,0
1081.734518,0
1082.216484,0
1082.69845,0
1083.180415,0
1083.662381,0
1084.144346,0
1084.626312,0
1085.108278,0
1085.590243,0
1086.072209,0
1086.554174,0
1087.03614,0
1087.518106,0
1088.000071,0
1088.482037,0
1088.964002,0
1089.445968,0
1089.927934,0
1090.409899,0
1090.891865,0
1091.37383,0
1091.855796,0
1092.337762,0
1092.819727,0
1093.301693,0
1093.783658,0
1094.265624,0
1094.74759,0
1095.229555,0
1095.711521,0
1096.193486,0
1096.675452,0
1097.157418,0
1097.639383,0
1098.121349,0
1098.603314,0
1099.08528,0
1099.567246,0
1100.049211,0
1100.531177,0
1101.013142,0
1101.495108,0
1101.977074,0
1102.459039,0
1102.941005,0
1103.42297,0
1103.904936,0
1104.386902,0
1104.868867,0
1105.350833,0
1105.832798,0
1106.314764,0
1106.79673,0
1107.278695,0
1107.760661,0
1108.242626,0
1108.724592,0
1109.206558,0
1109.688523,0
1110.170489,0
1110.652454,0
1111.13442,0
1111.616386,0
1112.098351,0
1112.580317,0
1113.062282,0
1113.544248,0
1114.026214,0
1114.508179,0
1114.990145,0
1115.47211,0
1115.954076,0
1116.436042,0
1116.918007,0
1117.399973,0
1117.881938,0
1118.363904,0
1118.84587,0
1119.327835,0
1119.809801,0
1120.291766,0
1120.773732,0
1121.255698,0
1121.737663,0
1122.219629,0
1122.701594,0
1123.18356,0
1123.665526,0
1124.147491,0
1124.629457,0
1125.111422,0
1125.593388,0
1126.075354,0
1126.557319,0
1127.039285,0
1127.52125,0
1128.003216,0
1128.485182,0
1128.967147,0
1129.449113,0
1129.931078,0
1130.413044,0
1130.89501,0
1131.376975,0
1131.858941,0
1132.340906,0
1132.822872,0
1133.304838,0
1133.786803,0
1134.268769,0
1134.750734,0
1135.2327,0
1135.714666,0
1136.196631,0
1136.678597,0
1137.160562,0
1137.642528,0
1138.124494,0
1138.606459,0
1139.088425,0
1139.57039,0
1140.052356,0
1140.534322,0
1141.016287,0
1141.498253,0
1141.980218,0
1142.462184,0
1142.94415,0
1143.426115,0
1143.908081,0
1144.390046,0
1144.872012,0
1145.353978,0
1145.835943,0
1146.317909,0
1146.799874,0
1147.28184,0
1147.763806,0
1148.245771,0
1148.727737,0
1149.209702,0
1149.691668,0
1150.173634,0
1150.655599,0
1151.137565,0
1151.61953,0
1152.101496,0
1152.583462,0
1153.065427,0
1153.547393,0
1154.029358,0
1154.511324,0
1154.99329,0
1155.475255,0
1155.957221,0
1156.439186,0
1156.921152,0
1157.403118,0
1157.885083,0
1158.367049,0
1158.849014,0
1159.33098,0
1159.812946,0
1160.294911,0
1160.776877,0
1161.258842,0
1161.740808,0
1162.222774,0
1162.704739,0
1163.186705,0
1163.66867,0
1164.150636,0
1164.632602,0
1165.114567,0
1165.596533,0
1166.078498,0
1166.560464,0
1167.04243,0
1167.524395,0
1168.006361,0
1168.488326,0
1168.970292,0
1169.452258,0
1169.934223,0
1170.416189,0
1170.898154,0
1171.38012,0
1171.862086,0
1172.344051,0
1172.826017,0
1173.307982,0
1173.789948,0
1174.271914,0
1174.753879,0
1175.235845,0
1175.71781,0
1176.199776,0
1176.681742,0
1177.163707,0
1177.645673,0
1178.127638,0
1178.609604,0
1179.09157,0
1179.573535,0
1180.055501,0
1180.537466,0
1181.019432,0
1181.501398,0
1181.983363,0
1182.465329,0
1182.947294,0
1183.42926,0
1183.911226,0
1184.393191,0
1184.875157,0
1185.357122,0
1185.839088,0
1186.321054,0
1186.803019,0
1187.284985,0
1187.76695,0
1188.248916,0
1188.730882,0
1189.212847,0
1189.694813,0
1190.176778,0
1190.658744,0
1191.14071,0
1191.622675,0
1192.104641,0
1192.586606,0
1193.068572,0
1193.550538,0
1194.032503,0
1194.514469,0
1194.996434,0
1195.4784,0
1195.960366,0
1196.442331,0
1196.924297,0
1197.406262,0
1197.888228,0
1198.370194,0
1198.852159,0
1199.334125,0
1199.81609,0
1200.298056,0
1200.780022,0
1201.261987,0
1201.743953,0
1202.225918,0
1202.707884,0
1203.18985,0
1203.671815,0
1204.153781,0
1204.635746,0
1205.117712,0
1205.599678,0
1206.081643,0
1206.563609,0
1207.045574,0
1207.52754,0
1208.009506,0
1208.491471,0
1208.973437,0
1209.455402,0
1209.937368,0
1210.419334,0
1210.901299,0
1211.383265,0
1211.86523,0
1212.347196,0
1212.829162,0
1213.311127,0
1213.793093,0
1214.275058,0
1214.757024,0
1215.23899,0
1215.720955,0
1216.202921,0
1216.684886,0
1217.166852,0
1217.648818,0
1218.130783,0
1218.612749,0
1219.094714,0
1219.57668,0
1220.058646,0
1220.540611,0
1221.022577,0
1221.504542,0
1221.986508,0
1222.468474,0
1222.950439,0
1223.432405,0
1223.91437,0
1224.396336,0
1224.878302,0
1225.360267,0
1225.842233,0
1226.324198,0
1226.806164,0
1227.28813,0
1227.770095,0
1228.252061,0
1228.734026,0
1229.215992,0
1229.697958,0
1230.179923,0
1230.661889,0
1231.143854,0
1231.62582,0
1232.107786,0
1232.589751,0
1233.071717,0
1233.553682,0
1234.035648,0
1234.517614,0
1234.999579,0
1235.481545,0
1235.96351,0
1236.445476,0
1236.927442,0
1237.409407,0
1237.891373,0
1238.373338,0
1238.855304,0
1239.33727,0
1239.819235,0
1240.301201,0
1240.783166,0
1241.265132,0
1241.747098,0
1242.229063,0
1242.711029,0
1243.192994,0
1243.67496,0
1244.156926,0
1244.638891,0
1245.120857,0
1245.602822,0
1246.084788,0
1246.566754,0
1247.048719,0
1247.530685,0
1248.01265,0
1248.494616,0
1248.976582,0
1249.458547,0
1249.940513,0
1250.422478,0
1250.904444,0.1288014311
1251.38641,0.06380441264
1251.868375,0.06201550388
1252.350341,0
1252.832306,0.1896243292
1253.314272,0.1514609422
1253.796238,0.2820512821
1254.278203,0.4585569469
1254.760169,0.2957662493
1255.242134,0.2969588551
1255.7241,0
1256.206066,0
1256.688031,0
1257.169997,0
1257.651962,0
1258.133928,0
1258.615894,0
1259.097859,0
1259.579825,0
1260.06179,0
1260.543756,0
1261.025722,0
1261.507687,0
1261.989653,0
1262.471618,0
1262.953584,0
1263.43555,0
1263.917515,0
1264.399481,0
1264.881446,0
1265.363412,0
1265.845378,0
1266.327343,0
1266.809309,0
1267.291274,0
1267.77324,0.076326774
1268.255206,0.2110912343
1268.737171,0.1705426357
1269.219137,0.1472868217
1269.701102,0.003375074538
1270.183068,0
1270.665034,0.168157424
1271.146999,0.1514609422
1271.628965,0.1776982707
1272.11093,0.2283840191
1272.592896,0.2104949314
1273.074862,0.3196183661
1273.556827,0.2057245081
1274.038793,0.2707215265
1274.520758,0.3571854502
1275.002724,0.373881932
1275.48469,0.1627906977
1275.966655,0
1276.448621,0
1276.930586,0
1277.412552,0
1277.894518,0
1278.376483,0
1278.858449,0
1279.340414,0
1279.82238,0
1280.304346,0
1280.786311,0
1281.268277,0
1281.750242,0.03643410853
1282.232208,0.08765652952
1282.714174,0.07274895647
1283.196139,0.2158616577
1283.678105,0.1502683363
1284.16007,0.122242099
1284.642036,0.05605247466
1285.124002,0.08527131783
1285.605967,0.1812760883
1286.087933,0.2158616577
1286.569898,0.2540250447
1287.051864,0.2128801431
1287.53383,0.2963625522
1288.015795,0.1276088253
1288.497761,0.1592128801
1288.979726,0.0404889684
1289.461692,0.129994037
1289.943658,0.01997614788
1290.425623,0.1586165772
1290.907589,0.1496720334
1291.389554,0.06440071556
1291.87152,0
1292.353486,0
1292.835451,0
1293.317417,0
1293.799382,0
1294.281348,0
1294.763314,0
1295.245279,0
1295.727245,0
1296.20921,0
1296.691176,0
1297.173142,0
1297.655107,0
1298.137073,0
1298.619038,0
1299.101004,0
1299.58297,0
1300.064935,0
1300.546901,0
1301.028866,0
1301.510832,0
1301.992798,0
1302.474763,0
1302.956729,0
1303.438694,0
1303.92066,0
1304.402626,0
1304.884591,0
1305.366557,0
1305.848522,0
1306.330488,0
1306.812454,0
1307.294419,0
1307.776385,0
1308.25835,0
1308.740316,0
1309.222282,0
1309.704247,0
1310.186213,0
1310.668178,0
1311.150144,0
1311.63211,0
1312.114075,0
1312.596041,0
1313.078006,0
1313.559972,0
1314.041938,0
1314.523903,0
1315.005869,0
1315.487834,0
1315.9698,0
1316.451766,0
1316.933731,0
1317.415697,0
1317.897662,0
1318.379628,0
1318.861594,0
1319.343559,0
1319.825525,0
1320.30749,0
1320.789456,0
1321.271422,0
1321.753387,0
1322.235353,0
1322.717318,0
1323.199284,0
1323.68125,0
1324.163215,0
1324.645181,0
1325.127146,0
1325.609112,0
1326.091078,0
1326.573043,0
1327.055009,0
1327.536974,0
1328.01894,0
1328.500906,0
1328.982871,0
1329.464837,0
1329.946802,0
1330.428768,0
1330.910734,0
1331.392699,0
1331.874665,0
1332.35663,0
1332.838596,0
1333.320562,0
1333.802527,0
1334.284493,0
1334.766458,0
1335.248424,0
1335.73039,0
1336.212355,0
1336.694321,0
1337.176286,0
1337.658252,0
1338.140218,0
1338.622183,0
1339.104149,0
1339.586114,0
1340.06808,0
1340.550046,0
1341.032011,0
1341.513977,0
1341.995942,0
1342.477908,0
1342.959874,0
1343.441839,0
1343.923805,0
1344.40577,0
1344.887736,0
1345.369702,0
1345.851667,0
1346.333633,0
1346.815598,0
1347.297564,0
1347.77953,0
1348.261495,0
1348.743461,0
1349.225426,0
1349.707392,0
1350.189358,0
1350.671323,0
1351.153289,0
1351.635254,0
1352.11722,0
1352.599186,0
1353.081151,0
1353.563117,0
1354.045082,0.06618962433
1354.527048,0.09898628503
1355.009014,0.1389385808
1355.490979,0.2069171139
1355.972945,0.1788908766
1356.45491,0.1419200954
1356.936876,0.2033392964
1357.418842,0.1735241503
1357.900807,0.2313655337
1358.382773,0.2379248658
1358.864738,0.3750745379
1359.346704,0.4341085271
1359.82867,0.3118664281
1360.310635,0.2420989863
1360.792601,0.3333333333
1361.274566,0.2725104353
1361.756532,0.3422778772
1362.238498,0.3041144902
1362.720463,0.3500298151
1363.202429,0.3220035778
1363.684394,0.2039355993
1364.16636,0.2248062016
1364.648326,0.2641621944
1365.130291,0.2605843769
1365.612257,0.1961836613
1366.094222,0.1389385808
1366.576188,0.1890280262
1367.058154,0.1055456172
1367.540119,0.09838998211
1368.022085,0.09838998211
1368.50405,0.274895647
1368.986016,0.129397734
1369.467982,0.04245676804
1369.949947,0.1466905188
1370.431913,0.168157424
1370.913878,0.07453786524
1371.395844,0.08109719738
1371.87781,0.0004186046512
1372.359775,0.1234347048
1372.841741,0.08646392367
1373.323706,0.02844364937
1373.805672,0.023673226
1374.287638,0.1669648181
1374.769603,0.183064997
1375.251569,0.09958258795
1375.733534,0
1376.2155,0.04603458557
1376.697466,0
1377.179431,0
1377.661397,0
1378.143362,0
1378.625328,0.1717352415
1379.107294,0.2307692308
1379.589259,0
1380.071225,0.02862254025
1380.55319,0.02110912343
1381.035156,0.01103160405
1381.517122,0.2754919499
1381.999087,0.0900417412
1382.481053,0.03172331544
1382.963018,0.2248062016
1383.444984,0.183064997
1383.92695,0.2856290996
1384.408915,0.1890280262
1384.890881,0.01347644603
1385.372846,0
1385.854812,0
1386.336778,0.09123434705
1386.818743,0.06320810972
1387.300709,0.01454979129
1387.782674,0.02790697674
1388.26464,0.007811568277
1388.746606,0.1305903399
1389.228571,0.06618962433
1389.710537,0.1383422779
1390.192502,0
1390.674468,0
1391.156434,0
1391.638399,0
1392.120365,0
1392.60233,0
1393.084296,0
1393.566262,0
1394.048227,0
1394.530193,0.05158020274
1395.012158,0.0274895647
1395.494124,0.2480620155
1395.97609,0
1396.458055,0.1538461538
1396.940021,0
1397.421986,0
1397.903952,0
1398.385918,0
1398.867883,0
1399.349849,0
1399.831814,0
1400.31378,0
1400.795746,0
1401.277711,0
1401.759677,0
1402.241642,0
1402.723608,0
1403.205574,0
1403.687539,0
1404.169505,0
1404.65147,0
1405.133436,0
1405.615402,0
1406.097367,0
1406.579333,0
1407.061298,0
1407.543264,0
1408.02523,0
1408.507195,0
1408.989161,0
1409.471126,0
1409.953092,0
1410.435058,0
1410.917023,0
1411.398989,0
1411.880954,0
1412.36292,0
1412.844886,0
1413.326851,0
1413.808817,0
1414.290782,0
1414.772748,0
1415.254714,0
1415.736679,0
1416.218645,0
1416.70061,0.076326774
1417.182576,0.03005366726
1417.664542,0.1335718545
1418.146507,0.1079308289
1418.628473,0.137149672
1419.110438,0.1621943948
1419.592404,0.2045319022
1420.07437,0.1711389386
1420.556335,0.3571854502
1421.038301,0.2909958259
1421.520266,0.1282051282
1422.002232,0.1836612999
1422.484198,0.2009540847
1422.966163,0.2075134168
1423.448129,0.2754919499
1423.930094,0.2474657126
1424.41206,0.2313655337
1424.894026,0.2707215265
1425.375991,0.3500298151
1425.857957,0.2760882528
1426.339922,0.2468694097
1426.821888,0.1621943948
1427.303854,0.2814549791
1427.785819,0.1228384019
1428.267785,0.2617769827
1428.74975,0.3410852713
1429.231716,0.206320811
1429.713682,0.3524150268
1430.195647,0.3381037567
1430.677613,0.5044722719
1431.159578,0.3881932021
1431.641544,0.2963625522
1432.12351,0.4716756112
1432.605475,0.23673226
1433.087441,0.252236136
1433.569406,0.3088849135
1434.051372,0.351222421
1434.533338,0.4263565891
1435.015303,0.2355396541
1435.497269,0.1669648181
1435.979234,0.2957662493
1436.4612,0.1705426357
1436.943166,0.1538461538
1437.425131,0.3029218843
1437.907097,0.3470483005
1438.389062,0.4669051878
1438.871028,0.1943947525
1439.352994,0.2570065593
1439.834959,0.4239713775
1440.316925,0.305307096
1440.79889,0.3136553369
1441.280856,0.3011329756
1441.762822,0.282647585
1442.244787,0.2933810376
1442.726753,0.2409063804
1443.208718,0.274895647
1443.690684,0.3917710197
1444.17265,0.3679189028
1444.654615,0.3261776983
1445.136581,0.3649373882
1445.618546,0.3387000596
1446.100512,0.3214072749
1446.582478,0.2659511032
1447.064443,0.4364937388
1447.546409,0.290399523
1448.028374,0.3464519976
1448.51034,0.23673226
1448.992306,0.3398926655
1449.474271,0.2838401908
1449.956237,0.343470483
1450.438202,0.2629695886
1450.920168,0.3059033989
1451.402134,0.3929636255
1451.884099,0.3476446035
1452.366065,0.3249850924
1452.84803,0.4543828265
1453.329996,0.3381037567
1453.811962,0.3035181872
1454.293927,0.3076923077
1454.775893,0.305307096
1455.257858,0.2355396541
1455.739824,0.221228384
1456.22179,0.2587954681
1456.703755,0.2432915921
1457.185721,0.2754919499
1457.667686,0.3160405486
1458.149652,0.3142516398
1458.631618,0.2122838402
1459.113583,0.2361359571
1459.595549,0.1246273107
1460.077514,0.3321407275
1460.55948,0.2856290996
1461.041446,0.2218246869
1461.523411,0.1389385808
1462.005377,0.2325581395
1462.487342,0.3011329756
1462.969308,0.2307692308
1463.451274,0.2325581395
1463.933239,0.2158616577
1464.415205,0.106738223
1464.89717,0.1890280262
1465.379136,0.2391174717
1465.861102,0.2617769827
1466.343067,0.2796660704
1466.825033,0.2432915921
1467.306998,0.1824686941
1467.788964,0.1949910555
1468.27093,0.2152653548
1468.752895,0.1932021467
1469.234861,0.2164579606
1469.716826,0.2796660704
1470.198792,0.175313059
1470.680758,0.1252236136
1471.162723,0.175909362
1471.644689,0.1818723912
1472.126654,0.2552176506
1472.60862,0.3309481216
1473.090586,0.327966607
1473.572551,0.2456768038
1474.054517,0.404889684
1474.536482,0.4317233154
1475.018448,0.2462731067
1475.500414,0.1663685152
1475.982379,0.2665474061
1476.464345,0.3732856291
1476.94631,0.3482409064
1477.428276,0.3923673226
1477.910242,0.3613595707
1478.392207,0.4627310674
1478.874173,0.4269528921
1479.356138,0.3959451401
1479.838104,0.4221824687
1480.32007,0.4114490161
1480.802035,0.4078711986
1481.284001,0.4525939177
1481.765966,0.351222421
1482.247932,0.4072748956
1482.729898,0.4686940966
1483.211863,0.2927847346
1483.693829,0.4752534287
1484.175794,0.3649373882
1484.65776,0.3231961837
1485.139726,0.412045319
1485.621691,0.2361359571
1486.103657,0.2110912343
1486.585622,0.2188431723
1487.067588,0.1103160405
1487.549554,0.160405486
1488.031519,0.1174716756
1488.513485,0.137149672
1488.99545,0.1216457961
1489.477416,0.04531902206
1489.959382,0.167561121
1490.441347,0.2236135957
1490.923313,0.2093023256
1491.405278,0.2230172928
1491.887244,0.305307096
1492.36921,0.2945736434
1492.851175,0.3899821109
1493.333141,0.4698867024
1493.815106,0.3864042934
1494.297072,0.5146094216
1494.779038,0.4847942755
1495.261003,0.4847942755
1495.742969,0.4341085271
1496.224934,0.3864042934
1496.7069,0.3345259392
1497.188866,0.3804412642
1497.670831,0.3875968992
1498.152797,0.435301133
1498.634762,0.4549791294
1499.116728,0.4919499106
1499.598694,0.4603458557
1500.080659,0.3762671437
1500.562625,0.4740608229
1501.04459,0.3858079905
1501.526556,0.3911747168
1502.008522,0.3858079905
1502.490487,0.419797257
1502.972453,0.3786523554
1503.454418,0.4382826476
1503.936384,0.2909958259
1504.41835,0.2856290996
1504.900315,0.2808586762
1505.382281,0.2623732856
1505.864246,0.1854502087
1506.346212,0.282647585
1506.828178,0.2498509243
1507.310143,0.1967799642
1507.792109,0.1741204532
1508.274074,0.1878354204
1508.75604,0.2933810376
1509.238006,0.2397137746
1509.719971,0.282647585
1510.201937,0.1705426357
1510.683902,0.2653548002
1511.165868,0.3476446035
1511.647834,0.327966607
1512.129799,0.4728682171
1512.611765,0.4019081694
1513.09373,0.7215265355
1513.575696,0.4317233154
1514.057662,0.6976744186
1514.539627,0.5635062612
1515.021593,0.373881932
1515.503558,0.5175909362
1515.985524,0.7036374478
1516.46749,0.4847942755
1516.949455,0.5682766846
1517.431421,0.5521765057
1517.913386,0.6618962433
1518.395352,0.8109719738
1518.877318,0.5086463924
1519.359283,0.4090638044
1519.841249,0.5247465713
1520.323214,0.4466308885
1520.80518,0.2820512821
1521.287146,0.1037567084
1521.769111,0.1568276685
1522.251077,0.2271914132
1522.733042,0
1523.215008,0
1523.696974,0.07155635063
1524.178939,0.03160405486
1524.660905,0.0480620155
1525.14287,0
1525.624836,0
1526.106802,0
1526.588767,0
1527.070733,0
1527.552698,0
1528.034664,0
1528.51663,0
1528.998595,0
1529.480561,0
1529.962526,0
1530.444492,0
1530.926458,0
1531.408423,0
1531.890389,0
1532.372354,0
1532.85432,0
1533.336286,0
1533.818251,0
1534.300217,0
1534.782182,0
1535.264148,0
1535.746114,0
1536.228079,0
1536.710045,0
1537.19201,0
1537.673976,0
1538.155942,0
1538.637907,0
1539.119873,0
1539.601838,0
1540.083804,0
1540.56577,0
1541.047735,0
1541.529701,0
1542.011666,0
1542.493632,0
1542.975598,0
1543.457563,0
1543.939529,0
1544.421494,0
1544.90346,0
1545.385426,0
1545.867391,0
1546.349357,0
1546.831322,0
1547.313288,0
1547.795254,0
1548.277219,0
1548.759185,0
1549.24115,0
1549.723116,0
1550.205082,0
1550.687047,0.08407871199
1551.169013,0.1210494931
1551.650978,0.213476446
1552.132944,0.290399523
1552.61491,0.1198568873
1553.096875,0.008407871199
1553.578841,0
1554.060806,0
1554.542772,0
1555.024738,0
1555.506703,0
1555.988669,0
1556.470634,0
1556.9526,0
1557.434566,0
1557.916531,0
1558.398497,0
1558.880462,0
1559.362428,0
1559.844394,0
1560.326359,0
1560.808325,0
1561.29029,0
1561.772256,0
1562.254222,0
1562.736187,0
1563.218153,0
1563.700118,0
1564.182084,0
1564.66405,0
1565.146015,0
1565.627981,0
1566.109946,0
1566.591912,0
1567.073878,0
1567.555843,0
1568.037809,0
1568.519774,0
1569.00174,0
1569.483706,0
1569.965671,0
1570.447637,0
1570.929602,0
1571.411568,0
1571.893534,0
1572.375499,0
1572.857465,0
1573.33943,0
1573.821396,0
1574.303362,0
1574.785327,0
1575.267293,0
1575.749258,0
1576.231224,0
1576.71319,0
1577.195155,0
1577.677121,0
1578.159086,0
1578.641052,0
1579.123018,0
1579.604983,0
1580.086949,0
1580.568914,0
1581.05088,0
1581.532846,0
1582.014811,0
1582.496777,0
1582.978742,0
1583.460708,0
1583.942674,0.06976744186
1584.424639,0.04758497317
1584.906605,0.07751937984
1585.38857,0.129397734
1585.870536,0.07692307692
1586.352502,0.03774597496
1586.834467,0.01288014311
1587.316433,0.04156231366
1587.798398,0.04472271914
1588.280364,0.004609421586
1588.76233,0.07394156231
1589.244295,0.04305307096
1589.726261,0.02259988074
1590.208226,0.0335718545
1590.690192,0.01639833035
1591.172158,0.1132975552
1591.654123,0.1926058438
1592.136089,0.167561121
1592.618054,0.1520572451
1593.10002,0.1741204532
1593.581986,0.2331544425
1594.063951,0.2283840191
1594.545917,0.1502683363
1595.027882,0.1717352415
1595.509848,0.1651759094
1595.991814,0.1747167561
1596.473779,0.1818723912
1596.955745,0.2015503876
1597.43771,0.2665474061
1597.919676,0.2695289207
1598.401642,0.2397137746
1598.883607,0.2611806798
1599.365573,0.2892069171
1599.847538,0.1788908766
1600.329504,0.1848539058
1600.81147,0.2188431723
1601.293435,0.1705426357
1601.775401,0.1991651759
1602.257366,0.1973762671
1602.739332,0.198568873
1603.221298,0.1627906977
1603.703263,0.1765056649
1604.185229,0.2188431723
1604.667194,0.1884317233
1605.14916,0.2283840191
1605.631126,0.282647585
1606.113091,0.2796660704
1606.595057,0.2104949314
1607.077022,0.1401311866
1607.558988,0.1556350626
1608.040954,0.2587954681
1608.522919,0.2248062016
1609.004885,0.221228384
1609.48685,0.1580202743
1609.968816,0.1466905188
1610.450782,0.1216457961
1610.932747,0.1395348837
1611.414713,0.1502683363
1611.896678,0.160405486
1612.378644,0.2218246869
1612.86061,0.2325581395
1613.342575,0.2605843769
1613.824541,0.2677400119
1614.306506,0.1878354204
1614.788472,0.1395348837
1615.270438,0.1550387597
1615.752403,0.1729278473
1616.234369,0.1240310078
1616.716334,0.08467501491
1617.1983,0.1252236136
1617.680266,0.1001788909
1618.162231,0.1890280262
1618.644197,0.2200357782
1619.126162,0.2003577818
1619.608128,0.1836612999
1620.090094,0.2480620155
1620.572059,0.2462731067
1621.054025,0.1419200954
1621.53599,0.3452593918
1622.017956,0.3685152057
1622.499922,0.2790697674
1622.981887,0.2486583184
1623.463853,0.2397137746
1623.945818,0.2248062016
1624.427784,0.1198568873
1624.90975,0.05784138342
1625.391715,0
1625.873681,0.0267143709
1626.355646,0.09063804413
1626.837612,0
1627.319578,0
1627.801543,0
1628.283509,0
1628.765474,0
1629.24744,0
1629.729406,0
1630.211371,0
1630.693337,0
1631.175302,0
1631.657268,0
1632.139234,0
1632.621199,0
1633.103165,0
1633.58513,0
1634.067096,0
1634.549062,0
1635.031027,0
1635.512993,0
1635.994958,0
1636.476924,0
1636.95889,0
1637.440855,0
1637.922821,0
1638.404786,0
1638.886752,0
1639.368718,0
1639.850683,0
1640.332649,0
1640.814614,0
1641.29658,0
1641.778546,0
1642.260511,0
1642.742477,0
1643.224442,0
1643.706408,0
1644.188374,0
1644.670339,0
1645.152305,0.05623136553
1645.63427,0.09779367919
1646.116236,0.09183064997
1646.598202,0.03655336911
1647.080167,0.06797853309
1647.562133,0.1049493143
1648.044098,0.03202146691
1648.526064,0.08348240906
1649.00803,0.1216457961
1649.489995,0.09242695289
1649.971961,0.137149672
1650.453926,0.1174716756
1650.935892,0.00870602266
1651.417858,0
1651.899823,0.08884913536
1652.381789,0.160405486
1652.863754,0.1001788909
1653.34572,0.1258199165
1653.827686,0.1562313655
1654.309651,0.1437090042
1654.791617,0.1383422779
1655.273582,0.1258199165
1655.755548,0.1282051282
1656.237514,0.175313059
1656.719479,0.1854502087
1657.201445,0.1729278473
1657.68341,0.1389385808
1658.165376,0.1460942159
1658.647342,0.1204531902
1659.129307,0.06797853309
1659.611273,0.08228980322
1660.093238,0.06559332141
1660.575204,0.02098986285
1661.05717,0
1661.539135,0
1662.021101,0
1662.503066,0
1662.985032,0
1663.466998,0
1663.948963,0
1664.430929,0
1664.912894,0
1665.39486,0
1665.876826,0
1666.358791,0
1666.840757,0
1667.322722,0
1667.804688,0
1668.286654,0
1668.768619,0
1669.250585,0
1669.73255,0
1670.214516,0
1670.696482,0
1671.178447,0
1671.660413,0
1672.142378,0
1672.624344,0
1673.10631,0
1673.588275,0
1674.070241,0
1674.552206,0
1675.034172,0
1675.516138,0
1675.998103,0
1676.480069,0
1676.962034,0
1677.444,0
1677.925966,0
1678.407931,0
1678.889897,0
1679.371862,0
1679.853828,0
1680.335794,0
1680.817759,0
1681.299725,0
1681.78169,0
1682.263656,0
1682.745622,0
1683.227587,0
1683.709553,0
1684.191518,0
1684.673484,0
1685.15545,0
1685.637415,0
1686.119381,0
1686.601346,0
1687.083312,0
1687.565278,0
1688.047243,0
1688.529209,0
1689.011174,0
1689.49314,0
1689.975106,0
1690.457071,0
1690.939037,0
1691.421002,0
1691.902968,0
1692.384934,0
1692.866899,0
1693.348865,0
1693.83083,0
1694.312796,0
1694.794762,0
1695.276727,0
1695.758693,0
1696.240658,0
1696.722624,0
1697.20459,0
1697.686555,0
1698.168521,0
1698.650486,0
1699.132452,0
1699.614418,0
1700.096383,0
1700.578349,0
1701.060314,0.02623732856
1701.54228,0.03398926655
1702.024246,0.05324985092
1702.506211,0.1031604055
1702.988177,0.05617173524
1703.470142,0.08646392367
1703.952108,0.1001788909
1704.434074,0.0816935003
1704.916039,0.1085271318
1705.398005,0.1520572451
1705.87997,0.1848539058
1706.361936,0.2468694097
1706.843902,0.2075134168
1707.325867,0.2259988074
1707.807833,0.2301729278
1708.289798,0.2075134168
1708.771764,0.2098986285
1709.25373,0.2098986285
1709.735695,0.1765056649
1710.217661,0.2355396541
1710.699626,0.2236135957
1711.181592,0.2480620155
1711.663558,0.1979725701
1712.145523,0.1538461538
1712.627489,0.1699463327
1713.109454,0.1794871795
1713.59142,0.2271914132
1714.073386,0.3064997018
1714.555351,0.3136553369
1715.037317,0.3142516398
1715.519282,0.3470483005
1716.001248,0.3548002385
1716.483214,0.3607632677
1716.965179,0.3583780561
1717.447145,0.3398926655
1717.92911,0.3345259392
1718.411076,0.274895647
1718.893042,0.3345259392
1719.375007,0.3476446035
1719.856973,0.3190220632
1720.338938,0.3124627311
1720.820904,0.2981514609
1721.30287,0.3249850924
1721.784835,0.373881932
1722.266801,0.3440667859
1722.748766,0.2766845558
1723.230732,0.2385211688
1723.712698,0.2355396541
1724.194663,0.2236135957
1724.676629,0.2128801431
1725.158594,0.221228384
1725.64056,0.206320811
1726.122526,0.1323792487
1726.604491,0.1592128801
1727.086457,0.2039355993
1727.568422,0.2224209899
1728.050388,0.1896243292
1728.532354,0.2045319022
1729.014319,0.1973762671
1729.496285,0.1735241503
1729.97825,0.14490161
1730.460216,0.1413237925
1730.942182,0.1812760883
1731.424147,0.1478831246
1731.906113,0.1037567084
1732.388078,0.09779367919
1732.870044,0
1733.35201,0
1733.833975,0
1734.315941,0
1734.797906,0
1735.279872,0
1735.761838,0
1736.243803,0
1736.725769,0
1737.207734,0
1737.6897,0
1738.171666,0
1738.653631,0
1739.135597,0
1739.617562,0
1740.099528,0
1740.581494,0
1741.063459,0
1741.545425,0
1742.02739,0
1742.509356,0
1742.991322,0
1743.473287,0
1743.955253,0
1744.437218,0
1744.919184,0
1745.40115,0
1745.883115,0
1746.365081,0
1746.847046,0
1747.329012,0
1747.810978,0
1748.292943,0
1748.774909,0
1749.256874,0
1749.73884,0
1750.220806,0
1750.702771,0
1751.184737,0
1751.666702,0
1752.148668,0
1752.630634,0
1753.112599,0
1753.594565,0
1754.07653,0
1754.558496,0
1755.040462,0
1755.522427,0
1756.004393,0
1756.486358,0.04221824687
1756.968324,0.05444245677
1757.45029,0.2164579606
1757.932255,0.2403100775
1758.414221,0.2665474061
1758.896186,0.2993440668
1759.378152,0.2397137746
1759.860118,0.2498509243
1760.342083,0.2909958259
1760.824049,0.1532498509
1761.306014,0.07692307692
1761.78798,0.09421586166
1762.269946,0.1413237925
1762.751911,0.1538461538
1763.233877,0.1270125224
1763.715842,0.1276088253
1764.197808,0.1025641026
1764.679774,0.09660107335
1765.161739,0.06618962433
1765.643705,0.04013118664
1766.12567,0.07990459153
1766.607636,0.1842576029
1767.089602,0.2438878951
1767.571567,0.23673226
1768.053533,0.2373285629
1768.535498,0.2051282051
1769.017464,0.1723315444
1769.49943,0.1836612999
1769.981395,0.2128801431
1770.463361,0.2373285629
1770.945326,0.2486583184
1771.427292,0.2122838402
1771.909258,0.1842576029
1772.391223,0.1854502087
1772.873189,0.2069171139
1773.355154,0.2200357782
1773.83712,0.1574239714
1774.319086,0.1347644603
1774.801051,0.1884317233
1775.283017,0.1562313655
1775.764982,0.1013715157
1776.246948,0.1091236369
1776.728914,0.07036555754
1777.210879,0.07276231366
1777.692845,0.05649254621
1778.17481,0.07794394753
1778.656776,0.09365533691
1779.138742,0.1049493143
1779.620707,0.1072152654
1780.102673,0.08294573643
1780.584638,0.1019689267
1781.066604,0.1794883065
1781.54857,0.2659522302
1782.030535,0.3381048837
1782.512501,0.3840202087
1782.994466,0.4156242636
1783.476432,0.457961771
1783.958398,0.5205735778
1784.440363,0.5754334466
1784.922329,0.5790112642
1785.404294,0.5122253369
1785.88626,0.4025055993
1786.368226,0.3005377996
1786.850191,0.2379259928
1787.332157,0.2116886643
1787.814122,0.1955884854
1788.296088,0.168158551
1788.778054,0.1258210435
1789.260019,0.07990571855
1789.741985,0.134287418
1790.22395,0.1405485987
1790.705916,0.1000596303
1791.187882,0.07909958259
1791.669847,0.03031782946
1792.151813,0.02731305903
1792.633778,0.0482627907
1793.115744,0.02385540847
1793.59771,-1.13E-06
1794.079675,-1.62E-07
1794.561641,-2.04E-08
1795.043606,-2.13E-09
1795.525572,-1.22E-10
1796.007538,-2.41E-11
1796.489503,0
1796.971469,0
1797.453434,0
1797.9354,0
1798.417366,0
1798.899331,0
1799.381297,0
1799.863262,0
1800.345228,0
1800.827194,0
1801.309159,0
1801.791125,0
1802.27309,0
1802.755056,0
1803.237022,0.02701252236
1803.718987,0.03041144902
1804.200953,0.03315444246
1804.682918,0
1805.164884,0
1805.64685,0
1806.128815,0.001890280262
1806.610781,0.01633870006
1807.092746,0.03070960048
1807.574712,0.0457960644
1808.056678,0
1808.538643,0
1809.020609,0
1809.502574,0
1809.98454,0.03428741801
1810.466506,0.03094812165
1810.948471,0.06022659511
1811.430437,0.06618962433
1811.912402,0.06797853309
1812.394368,0.0954084675
1812.876334,0.06917113894
1813.358299,0.009600477042
1813.840265,0
1814.32223,0.004847942755
1814.804196,0.03363148479
1815.286162,0
1815.768127,0
1816.250093,0
1816.732058,0.008228980322
1817.214024,0
1817.69599,0
1818.177955,0
1818.659921,0
1819.141886,0
1819.623852,0.04114490161
1820.105818,0.1085271318
1820.587783,0.1610017889
1821.069749,0.09779367919
1821.551714,0.09421586166
1822.03368,0.1633870006
1822.515646,0.1466905188
1822.997611,0.1174716756
1823.479577,0.1490757305
1823.961542,0.1776982707
1824.443508,0.1359570662
1824.925474,0.1192605844
1825.407439,0.1932021467
1825.889405,0.2015503876
1826.37137,0.1407274896
1826.853336,0.08348240906
1827.335302,0.09242695289
1827.817267,0.05664877758
1828.299233,0.08765652952
1828.781198,0.07394156231
1829.263164,0.06380441264
1829.74513,0.09063804413
1830.227095,0.06976744186
1830.709061,0.1007751938
1831.191026,0.09660107335
1831.672992,0.1025641026
1832.154958,0.09898628503
1832.636923,0.03333333333
1833.118889,0.04347048301
1833.600854,0.04066785927
1834.08282,0.03041144902
1834.564786,0.04800238521
1835.046751,0.02945736434
1835.528717,0.02087060227
1836.010682,0.03613595707
1836.492648,0.02915921288
1836.974614,0
1837.456579,0
1837.938545,0.03774597496
1838.42051,0.06082289803
1838.902476,0.09361955874
1839.384442,0.1132975552
1839.866407,0.08288610614
1840.348373,0.05664877758
1840.830338,0.08288610614
1841.312304,0.09302325581
1841.79427,0.1210494931
1842.276235,0.1550387597
1842.758201,0.1079308289
1843.240166,0.06976744186
1843.722132,0.03387000596
1844.204098,0.02909958259
1844.686063,0.09481216458
1845.168029,0.1806797853
1845.649994,0.2182468694
1846.13196,0.2021466905
1846.613926,0.1794871795
1847.095891,0.2373285629
1847.577857,0.2576028623
1848.059822,0.1610017889
1848.541788,0.160405486
1849.023754,0.1961836613
1849.505719,0.2176505665
1849.987685,0.1562313655
1850.46965,0.1061419201
1850.951616,0.06678592725
1851.433582,0.007215265355
1851.915547,0.01842576029
1852.397513,0.02868217054
1852.879478,0
1853.361444,0
1853.84341,0.04704830054
1854.325375,0.01383422779
1854.807341,0.07334525939
1855.289306,0.14490161
1855.771272,0.1794871795
1856.253238,0.1914132379
1856.735203,0.1502683363
1857.217169,0.1592128801
1857.699134,0.1687537269
1858.1811,0.06559332141
1858.663066,0.008825283244
1859.145031,0
1859.626997,0
1860.108962,0
1860.590928,0
1861.072894,0
1861.554859,0
1862.036825,0
1862.51879,0
1863.000756,0
1863.482722,0
1863.964687,0
1864.446653,0
1864.928618,0
1865.410584,0
1865.89255,0.001472868217
1866.374515,0.002629695886
1866.856481,0.06320810972
1867.338446,0.0587954681
1867.820412,0.05766249255
1868.302378,0.04508050089
1868.784343,0.06201550388
1869.266309,0.1341681574
1869.748274,0.07453786524
1870.23024,0.05402504472
1870.712206,0.06976744186
1871.194171,0
1871.676137,0
1872.158102,0
1872.640068,0
1873.122034,0
1873.603999,0
1874.085965,0
1874.56793,0
1875.049896,0
1875.531862,0.05044722719
1876.013827,0.001443053071
1876.495793,0
1876.977758,0
1877.459724,0.03190220632
1877.94169,0.003553965414
1878.423655,0
1878.905621,0
1879.387586,0.004591532499
1879.869552,0.01949910555
1880.351518,0.003392963626
1880.833483,0
1881.315449,0
1881.797414,0.09958258795
1882.27938,0.1932021467
1882.761346,0.2027429934
1883.243311,0.3029218843
1883.725277,0.3744782349
1884.207242,0.3953488372
1884.689208,0.3899821109
1885.171174,0.3697078116
1885.653139,0.3774597496
1886.135105,0.3488372093
1886.61707,0.3273703041
1887.099036,0.1824686941
1887.581002,0.04036970781
1888.062967,0
1888.544933,0
1889.026898,0.0003387000596
1889.508864,0.04991055456
1889.99083,0.0327966607
1890.472795,0.0228980322
1890.954761,0.02546213476
1891.436726,0.07215265355
1891.918692,0
1892.400658,0
1892.882623,0.1538461538
1893.364589,0.2552176506
1893.846554,0.1544424568
1894.32852,0.06559332141
1894.810486,0.1270125224
1895.292451,0.1663685152
1895.774417,0.1568276685
1896.256382,0.1282051282
1896.738348,0.114490161
1897.220314,0.1407274896
1897.702279,0.07513416816
1898.184245,0.01431127013
1898.66621,0
1899.148176,0
1899.630142,0
1900.112107,0.05825879547
1900.594073,0.06380441264
1901.076038,0.0137149672
1901.558004,0.01091234347
1902.03997,0.05611210495
1902.521935,0.0572450805
1903.003901,0
1903.485866,0
1903.967832,0
1904.449798,0.006440071556
1904.931763,0.1258199165
1905.413729,0.07274895647
1905.895694,0
1906.37766,0
1906.859626,0
1907.341591,0.03392963626
1907.823557,0.05837805605
1908.305522,0.02993440668
1908.787488,0
1909.269454,0
1909.751419,0.09898628503
1910.233385,0.4102564103
1910.71535,0.6380441264
1911.197316,0.7751937984
1911.679282,0.816935003
1912.161247,0.900417412
1912.643213,0.8467501491
1913.125178,0.7692307692
1913.607144,0.7215265355
1914.08911,0.6022659511
1914.571075,0.4496124031
1915.053041,0.3786523554
1915.535006,0.3202146691
1916.016972,0.1955873584
1916.498938,0.08288610614
1916.980903,0.05658914729
1917.462869,0
1917.944834,0
1918.4268,0.0343470483
1918.908766,0
1919.390731,0
1919.872697,0
1920.354662,0
1920.836628,0.07215265355
1921.318594,0.1717352415
1921.800559,0.1890280262
1922.282525,0.2754919499
1922.76449,0.3154442457
1923.246456,0.3452593918
1923.728422,0.3709004174
1924.210387,0.3369111509
1924.692353,0.4096601073
1925.174318,0.4019081694
1925.656284,0.2802623733
1926.13825,0.2456768038
1926.620215,0.1854502087
1927.102181,0.1311866428
1927.584146,0.1800834824
1928.066112,0.2802623733
1928.548078,0.2331544425
1929.030043,0.152653548
1929.512009,0.1216457961
1929.993974,0.08348240906
1930.47594,0.08228980322
1930.957906,0.05336911151
1931.439871,0.04394752534
1931.921837,0
1932.403802,0
1932.885768,0
1933.367734,0.009481216458
1933.849699,0.06618962433
1934.331665,0.1055456172
1934.81363,0.1156827668
1935.295596,0.167561121
1935.777562,0.1645796064
1936.259527,0.1633870006
1936.741493,0.1508646392
1937.223458,0.1013714967
1937.705424,0.1466905188
1938.18739,0.1460942159
1938.669355,0.1484794275
1939.151321,0.1639833035
1939.633286,0.1514609422
1940.115252,0.1389385808
1940.597218,0.1592128801
1941.079183,0.1174716756
1941.561149,0.1210494931
1942.043114,0.06559332141
1942.52508,0
1943.007046,0.02742993441
1943.489011,0.06082289803
1943.970977,0.08646392367
1944.452942,0.1127012522
1944.934908,0.1395348837
1945.416874,0.1812760883
1945.898839,0.2188431723
1946.380805,0.2200357782
1946.86277,0.2087060227
1947.344736,0.2742993441
1947.826702,0.3870005963
1948.308667,0.4239713775
1948.790633,0.4102564103
1949.272598,0.4054859869
1949.754564,0.3905784138
1950.23653,0.4555754323
1950.718495,0.4913536076
1951.200461,0.4663088849
1951.682426,0.4758497317
1952.164392,0.4180083482
1952.646358,0.3911747168
1953.128323,0.4162194395
1953.610289,0.4239713775
1954.092254,0.3852116875
1954.57422,0.3440667859
1955.056186,0.2409063804
1955.538151,0.2254025045
1956.020117,0.2760882528
1956.502082,0.28980322
1956.984048,0.244484198
1957.466014,0.2361359571
1957.947979,0.2474657126
1958.429945,0.2784734645
1958.91191,0.2313655337
1959.393876,0.1800834824
1959.875842,0.1651759094
1960.357807,0.1598091831
1960.839773,0.1866428145
1961.321738,0.1580202743
1961.803704,0.1395348837
1962.28567,0.1657722123
1962.767635,0.2283840191
1963.249601,0.252236136
1963.731566,0.2051282051
1964.213532,0.1425163983
1964.695498,0.1073345259
1965.177463,0.0900417412
1965.659429,0.07990459153
1966.141394,0.1138938581
1966.62336,0.09779367919
1967.105326,0.03935599284
1967.587291,0.02892069171
1968.069257,0.004985092427
1968.551222,0.02182468694
1969.033188,0.07334525939
1969.515154,0.08348240906
1969.997119,0.0709600477
1970.479085,0.04776386404
1970.96105,0.03828264758
1971.443016,0.01168753727
1971.924982,0.02874180083
1972.406947,0.06797853309
1972.888913,0.1085271318
1973.370878,0.1210494931
1973.852844,0.09838998211
1974.33481,0.1174716756
1974.816775,0.1311866428
1975.298741,0.1425163983
1975.780706,0.08348240906
1976.262672,0.06797853309
1976.744638,0.08109719738
1977.226603,0.1007751938
1977.708569,0.1031604055
1978.190534,0.1013714967
1978.6725,0.1127012522
1979.154466,0.1198568873
1979.636431,0.1866428145
1980.118397,0.2617769827
1980.600362,0.2725104353
1981.082328,0.2552176506
1981.564294,0.2719141324
1982.046259,0.2426952892
1982.528225,0.2611806798
1983.01019,0.2415026834
1983.492156,0.1937984496
1983.974122,0.1967799642
1984.456087,0.2415026834
1984.938053,0.2254025045
1985.420018,0.2152653548
1985.901984,0.1592128801
1986.38395,0.1270125224
1986.865915,0.2558139535
1987.347881,0.3178294574
1987.829846,0.2993440668
1988.311812,0.2498509243
1988.793778,0.2731067382
1989.275743,0.3214072749
1989.757709,0.3082886106
1990.239674,0.3088849135
1990.72164,0.3124627311
1991.203606,0.3059033989
1991.685571,0.2993440668
1992.167537,0.23673226
1992.649502,0.2027429934
1993.131468,0.2307692308
1993.613434,0.282647585
1994.095399,0.2874180083
1994.577365,0.2552176506
1995.05933,0.198568873
1995.541296,0.190816935
1996.023262,0.1967799642
1996.505227,0.152653548
1996.987193,0.1645796064
1997.469158,0.2087060227
1997.951124,0.1633870006
1998.43309,0.2182468694
1998.915055,0.2170542636
1999.397021,0.1592128801
1999.878986,0.1884317233
2000.360952,0.1657722123
2000.842918,0.1496720334
2001.324883,0.1842576029
2001.806849,0.2176505665
2002.288814,0.1615980918
2002.77078,0.1478831246
2003.252746,0.1818723912
2003.734711,0.2409063804
2004.216677,0.2641621944
2004.698642,0.213476446
2005.180608,0.1800834824
2005.662574,0.1454979129
2006.144539,0.1162790698
2006.626505,0.14490161
2007.10847,0.1484794275
2007.590436,0.1174716756
2008.072402,0.1061419201
2008.554367,0.06320810972
2009.036333,0.001121049493
2009.518298,0.01115086464
2010.000264,0.05963029219
2010.48223,0.09958258795
2010.964195,0.1401311866
2011.446161,0.1049493143
2011.928126,0.02576028623
2012.410092,0.02915921288
2012.892058,0.0870602266
2013.374023,0.08288610614
2013.855989,0.07930828861
2014.337954,0.1115086464
2014.81992,0.1180679785
2015.301886,0.08228980322
2015.783851,0.04484197973
2016.265817,0.05581395349
2016.747782,0.06201550388
2017.229748,0.07155635063
2017.711714,0.0709600477
2018.193679,0.05086463924
2018.675645,0.06320810972
2019.15761,0.08884913536
2019.639576,0.08228980322
2020.121542,0.08407871199
2020.603507,0.1282051282
2021.085473,0.167561121
2021.567438,0.1174716756
2022.049404,0.06380441264
2022.53137,0.06141920095
2023.013335,0.05605247466
2023.495301,0.08765652952
2023.977266,0.1174716756
2024.459232,0.09063804413
2024.941198,0.0816935003
2025.423163,0.07036374478
2025.905129,0.114490161
2026.387094,0.1460942159
2026.86906,0.09600477042
2027.351026,0.07334525939
2027.832991,0.06201550388
2028.314957,0.08228980322
2028.796922,0.1037567084
2029.278888,0.06857483602
2029.760854,0.05259391771
2030.242819,0.03959451401
2030.724785,0.005670840787
2031.20675,0.01920095408
2031.688716,0.05760286225
2032.170682,0.076326774
2032.652647,0.08467501491
2033.134613,0.07751937984
2033.616578,0.1103160405
2034.098544,0.1323792487
2034.58051,0.1592128801
2035.062475,0.2033392964
2035.544441,0.2027429934
2036.026406,0.1723315444
2036.508372,0.1544424568
2036.990338,0.1484794275
2037.472303,0.1496720334
2037.954269,0.1800834824
2038.436234,0.1729278473
2038.9182,0.1466905188
2039.400166,0.1013714967
2039.882131,0.06797853309
2040.364097,0.06618962433
2040.846062,0.076326774
2041.328028,0.07394156231
2041.809994,0.05611210495
2042.291959,0.04871794872
2042.773925,0.05963029219
2043.25589,0.07215265355
2043.737856,0.05426356589
2044.219822,0.07930828861
2044.701787,0.08646392367
2045.183753,0.06320810972
2045.665718,0.04836016696
2046.147684,0.05014907573
2046.62965,0.06380441264
2047.111615,0.01544424568
2047.593581,0
2048.075546,0.0214072749
2048.557512,0.04991055456
2049.039478,0.09958258795
2049.521443,0.1359570662
2050.003409,0.1156827668
2050.485374,0.0816935003
2050.96734,0.1168753727
2051.449306,0.08765652952
2051.931271,0.1007751938
2052.413237,0.1252236136
2052.895202,0.1109123435
2053.377168,0.168157424
2053.859134,0.2075134168
2054.341099,0.2248062016
2054.823065,0.2528324389
2055.30503,0.2581991652
2055.786996,0.2373285629
2056.268962,0.2659511032
2056.750927,0.3178294574
2057.232893,0.2957662493
2057.714858,0.290399523
2058.196824,0.3225998807
2058.67879,0.3178294574
2059.160755,0.3291592129
2059.642721,0.3518187239
2060.124686,0.3410852713
2060.606652,0.3118664281
2061.088618,0.3142516398
2061.570583,0.3339296363
2062.052549,0.3303518187
2062.534514,0.2820512821
2063.01648,0.2528324389
2063.498446,0.2450805009
2063.980411,0.2504472272
2064.462377,0.2659511032
2064.944342,0.2999403697
2065.426308,0.3196183661
2065.908274,0.358974359
2066.390239,0.3732856291
2066.872205,0.3679189028
2067.35417,0.3720930233
2067.836136,0.3249850924
2068.318102,0.2951699463
2068.800067,0.2814549791
2069.282033,0.2778771616
2069.763998,0.2098986285
2070.245964,0.1383422779
2070.72793,0.09063804413
2071.209895,0.08467501491
2071.691861,0.09838998211
2072.173826,0.07453786524
2072.655792,0.02301729278
2073.137758,0.03756708408
2073.619723,0.03214072749
2074.101689,0.08288610614
2074.583654,0.1276088253
2075.06562,0.1395348837
2075.547586,0.1544424568
2076.029551,0.1806797853
2076.511517,0.2224209899
2076.993482,0.2993440668
2077.475448,0.3351222421
2077.957414,0.3196183661
2078.439379,0.3583780561
2078.921345,0.335718545
2079.40331,0.2802623733
2079.885276,0.2564102564
2080.367242,0.2379248658
2080.849207,0.175909362
2081.331173,0.06618962433
2081.813138,0.05807990459
2082.295104,0.0954084675
2082.77707,0.1138938581
2083.259035,0.1276088253
2083.741001,0.09779367919
2084.222966,0.08765652952
2084.704932,0.1127012522
2085.186898,0.1550387597
2085.668863,0.1711389386
2086.150829,0.1580202743
2086.632794,0.1329755516
2087.11476,0.1264162194
2087.596726,0.129994037
2088.078691,0.1323792487
2088.560657,0.1550387597
2089.042622,0.1621943948
2089.524588,0.122242099
2090.006554,0.06380441264
2090.488519,0.07036374478
2090.970485,0.08646392367
2091.45245,0.07394156231
2091.934416,0.06678592725
2092.416382,0.06559332141
2092.898347,0.05205724508
2093.380313,0.04019081694
2093.862278,0.1174716756
2094.344244,0.1741204532
2094.82621,0.175909362
2095.308175,0.1234347048
2095.790141,0.09242695289
2096.272106,0.1192605844
2096.754072,0.1001788909
2097.236038,0.1001788909
2097.718003,0.1699463327
2098.199969,0.1717352415
2098.681934,0.08884913536
2099.1639,0.09719737627
2099.645866,0.07990459153
2100.127831,0.08646392367
2100.609797,0.09123434705
2101.091762,0.06559332141
2101.573728,0.07513416816
2102.055694,0.08348240906
2102.537659,0.08586762075
2103.019625,0.0870602266
2103.50159,0.1258199165
2103.983556,0.1460942159
2104.465522,0.1413237925
2104.947487,0.1765056649
2105.429453,0.2116875373
2105.911418,0.2152653548
2106.393384,0.1610017889
2106.87535,0.1282051282
2107.357315,0.1425163983
2107.839281,0.1252236136
2108.321246,0.1073345259
2108.803212,0.122242099
2109.285178,0.1431127013
2109.767143,0.1121049493
2110.249109,0.08228980322
2110.731074,0.07394156231
2111.21304,0.0900417412
2111.695006,0.1174716756
2112.176971,0.1276088253
2112.658937,0.1401311866
2113.140902,0.1586165772
2113.622868,0.1305903399
2114.104834,0.1216457961
2114.586799,0.09838998211
2115.068765,0.06678592725
2115.55073,0.01937984496
2116.032696,0
2116.514662,0
2116.996627,0
2117.478593,0
2117.960558,0
2118.442524,0
2118.92449,0
2119.406455,0
2119.888421,0
2120.370386,0
2120.852352,0
2121.334318,0
2121.816283,0
2122.298249,0
2122.780214,0
2123.26218,0
2123.744146,0
2124.226111,0
2124.708077,0
2125.190042,0
2125.672008,0
2126.153974,0
2126.635939,0
2127.117905,0
2127.59987,0
2128.081836,0
2128.563802,0
2129.045767,0
2129.527733,0
2130.009698,0
2130.491664,0
2130.97363,0
2131.455595,0
2131.937561,0
2132.419526,0
2132.901492,0
2133.383458,0
2133.865423,0
2134.347389,0
2134.829354,0
2135.31132,0
2135.793286,0
2136.275251,0
2136.757217,0
2137.239182,0
2137.721148,0
2138.203114,0
2138.685079,0
2139.167045,0
2139.64901,0
2140.130976,0
2140.612942,0
2141.094907,0
2141.576873,0
2142.058838,0
2142.540804,0
2143.02277,0
2143.504735,0
2143.986701,0
2144.468666,0
2144.950632,0
2145.432598,0
2145.914563,0
2146.396529,0
2146.878494,0
2147.36046,0
2147.842426,0
2148.324391,0
2148.806357,0
2149.288322,0
2149.770288,0
2150.252254,0
2150.734219,0
2151.216185,0
2151.69815,0
2152.180116,0
2152.662082,0
2153.144047,0
2153.626013,0
2154.107978,0
2154.589944,0
2155.07191,0
2155.553875,0
2156.035841,0
2156.517806,0
2156.999772,0
2157.481738,0
2157.963703,0
2158.445669,0
2158.927634,0
2159.4096,0
2159.891566,0
2160.373531,0
2160.855497,0
2161.337462,0
2161.819428,0
2162.301394,0
2162.783359,0
2163.265325,0
2163.74729,0.01574239714
2164.229256,0.02725104353
2164.711222,0.04889683959
2165.193187,0.09421586166
2165.675153,0.1037567084
2166.157118,0.07274895647
2166.639084,0.09958258795
2167.12105,0.1305903399
2167.603015,0.1204531902
2168.084981,0.1365533691
2168.566946,0.1598091831
2169.048912,0.1550387597
2169.530878,0.137745975
2170.012843,0.1276088253
2170.494809,0.1210494931
2170.976774,0.1562313655
2171.45874,0.1973762671
2171.940706,0.2021466905
2172.422671,0.1914132379
2172.904637,0.1592128801
2173.386602,0.1496720334
2173.868568,0.1198568873
2174.350534,0.08646392367
2174.832499,0.0709600477
2175.314465,0.0572450805
2175.79643,0.0595110316
2176.278396,0.04531902206
2176.760362,0.01782945736
2177.242327,0.03410852713
2177.724293,0.04704830054
2178.206258,0.02635658915
2178.688224,0.02355396541
2179.17019,0.05390578414
2179.652155,0.003619558736
2180.134121,0
2180.616086,0
2181.098052,0
2181.580018,0
2182.061983,0
2182.543949,0
2183.025914,0
2183.50788,0
2183.989846,0.03834227788
2184.471811,0.05855694693
2184.953777,0.05736434109
2185.435742,0.08646392367
2185.917708,0.09600477042
2186.399674,0.06440071556
2186.881639,0.04376863447
2187.363605,0.02814549791
2187.84557,0.02373285629
2188.327536,0.02665474061
2188.809502,0.002939773405
2189.291467,0
2189.773433,0
2190.255398,0
2190.737364,0.0366726297
2191.21933,0.032856291
2191.701295,0
2192.183261,0
2192.665226,0
2193.147192,0
2193.629158,0
2194.111123,0
2194.593089,0
2195.075054,0
2195.55702,0
2196.038986,0
2196.520951,0
2197.002917,0
2197.484882,0
2197.966848,0
2198.448814,0
2198.930779,0
2199.412745,0
2199.89471,0
2200.376676,0
2200.858642,0
2201.340607,0
2201.822573,0
2202.304538,0
2202.786504,0.003917710197
2203.26847,0.01258199165
2203.750435,0.01806797853
2204.232401,0.003822301729
2204.714366,0.02856290996
2205.196332,0.05831842576
2205.678298,0.02623732856
2206.160263,0.014490161
2206.642229,0.05438282648
2207.124194,0.04615384615
2207.60616,0.04698867024
2208.088126,0.1025641026
2208.570091,0.07036374478
2209.052057,0.04955277281
2209.534022,0.08050089445
2210.015988,0.1049493143
2210.497954,0.1240310078
2210.979919,0.1276088253
2211.461885,0.06976744186
2211.94385,0.03673225999
2212.425816,0.05098389982
2212.907782,0.004770423375
2213.389747,0
2213.871713,0
2214.353678,0
2214.835644,0
2215.31761,0.05414430531
2215.799575,0.04174120453
2216.281541,0.004108527132
2216.763506,0.07274895647
2217.245472,0.1276088253
2217.727438,0.1246273107
2218.209403,0.122242099
2218.691369,0.1818723912
2219.173334,0.2170542636
2219.6553,0.1687537269
2220.137266,0.1276088253
2220.619231,0.1508646392
2221.101197,0.1711389386
2221.583162,0.1270125224
2222.065128,0.1121049493
2222.547094,0.1264162194
2223.029059,0.114490161
2223.511025,0.08050089445
2223.99299,0.0534287418
2224.474956,0.03798449612
2224.956922,0
2225.438887,0
2225.920853,0
2226.402818,0
2226.884784,0
2227.36675,0
2227.848715,0
2228.330681,0
2228.812646,0
2229.294612,0
2229.776578,0
2230.258543,0
2230.740509,0
2231.222474,0
2231.70444,0
2232.186406,0
2232.668371,0
2233.150337,0
2233.632302,0
2234.114268,0
2234.596234,0
2235.078199,0
2235.560165,0
2236.04213,0
2236.524096,0
2237.006062,0
2237.488027,0
2237.969993,0
2238.451958,0
2238.933924,0
2239.41589,0
2239.897855,0
2240.379821,0.005813953488
2240.861786,0.02337507454
2241.343752,0.0366726297
2241.825718,0.05903398927
2242.307683,0.0557543232
2242.789649,0.02242098986
2243.271614,0.02921884317
2243.75358,0.05319022063
2244.235546,0.05813953488
2244.717511,0.0404889684
2245.199477,0.05831842576
2245.681442,0.04251639833
2246.163408,0.04663088849
2246.645374,0.08109719738
2247.127339,0.06559332141
2247.609305,0.06082289803
2248.09127,0.05939177102
2248.573236,0.06380441264
2249.055202,0.07811568277
2249.537167,0.03172331544
2250.019133,0.07334525939
2250.501098,0.1365533691
2250.983064,0.137149672
2251.46503,0.1311866428
2251.946995,0.1574239714
2252.428961,0.1538461538
2252.910926,0.1413237925
2253.392892,0.1717352415
2253.874858,0.137149672
2254.356823,0.1097197376
2254.838789,0.09898628503
2255.320754,0.07692307692
2255.80272,0.08228980322
2256.284686,0.1252236136
2256.766651,0.1496720334
2257.248617,0.1210494931
2257.730582,0.06320810972
2258.212548,0.09361955874
2258.694514,0.1353607633
2259.176479,0.1270125224
2259.658445,0.106738223
2260.14041,0.07990459153
2260.622376,0.1121049493
2261.104342,0.1550387597
2261.586307,0.137149672
2262.068273,0.1103160405
2262.550238,0.1186642815
2263.032204,0.1270125224
2263.51417,0.137149672
2263.996135,0.1043530113
2264.478101,0.09361955874
2264.960066,0.07513416816
2265.442032,0.07155635063
2265.923998,0.09063804413
2266.405963,0.122242099
2266.887929,0.1311866428
2267.369894,0.1228384019
2267.85186,0.1252236136
2268.333826,0.1103160405
2268.815791,0.1353607633
2269.297757,0.1305903399
2269.779722,0.106738223
2270.261688,0.1365533691
2270.743654,0.1401311866
2271.225619,0.106738223
2271.707585,0.1115086464
2272.18955,0.08467501491
2272.671516,0.076326774
2273.153482,0.1264162194
2273.635447,0.2122838402
2274.117413,0.2331544425
2274.599378,0.2599880739
2275.081344,0.2933810376
2275.56331,0.2331544425
2276.045275,0.2474657126
2276.527241,0.2397137746
2277.009206,0.2307692308
2277.491172,0.2725104353
2277.973138,0.2307692308
2278.455103,0.2116875373
2278.937069,0.228980322
2279.419034,0.2009540847
2279.901,0.1651759094
2280.382966,0.175313059
2280.864931,0.1466905188
2281.346897,0.1168753727
2281.828862,0.1323792487
2282.310828,0.114490161
2282.792794,0.1276088253
2283.274759,0.1329755516
2283.756725,0.1341681574
2284.23869,0.1592128801
2284.720656,0.1610017889
2285.202622,0.1687537269
2285.684587,0.1508646392
2286.166553,0.190816935
2286.648518,0.1926058438
2287.130484,0.1496720334
2287.61245,0.14490161
2288.094415,0.137149672
2288.576381,0.152653548
2289.058346,0.14490161
2289.540312,0.08646392367
2290.022278,0.07453786524
2290.504243,0.129994037
2290.986209,0.1341681574
2291.468174,0.1502683363
2291.95014,0.175313059
2292.432106,0.1806797853
2292.914071,0.2093023256
2293.396037,0.2033392964
2293.878002,0.2456768038
2294.359968,0.3005366726
2294.841934,0.2778771616
2295.323899,0.2647584973
2295.805865,0.2570065593
2296.28783,0.2534287418
2296.769796,0.282647585
2297.251762,0.3422778772
2297.733727,0.3059033989
2298.215693,0.2927847346
2298.697658,0.3017292785
2299.179624,0.2850327967
2299.66159,0.3100775194
2300.143555,0.2856290996
2300.625521,0.2832438879
2301.107486,0.3124627311
2301.589452,0.2599880739
2302.071418,0.2790697674
2302.553383,0.3231961837
2303.035349,0.3202146691
2303.517314,0.2731067382
2303.99928,0.2850327967
2304.481246,0.2832438879
2304.963211,0.2325581395
2305.445177,0.2349433512
2305.927142,0.2874180083
2306.409108,0.2850327967
2306.891074,0.2784734645
2307.373039,0.2808586762
2307.855005,0.2713178295
2308.33697,0.2754919499
2308.818936,0.2957662493
2309.300902,0.2623732856
2309.782867,0.2415026834
2310.264833,0.2188431723
2310.746798,0.2349433512
2311.228764,0.2772808587
2311.71073,0.282647585
2312.192695,0.3029218843
2312.674661,0.3166368515
2313.156626,0.3673225999
2313.638592,0.3655336911
2314.120558,0.3291592129
2314.602523,0.2963625522
2315.084489,0.2623732856
2315.566454,0.2933810376
2316.04842,0.2945736434
2316.530386,0.3094812165
2317.012351,0.3196183661
2317.494317,0.3255813953
2317.976282,0.4001192606
2318.458248,0.3786523554
2318.940214,0.3303518187
2319.422179,0.3333333333
2319.904145,0.3482409064
2320.38611,0.2999403697
2320.868076,0.3041144902
2321.350042,0.3196183661
2321.832007,0.3148479428
2322.313973,0.2892069171
2322.795938,0.2886106142
2323.277904,0.3041144902
2323.75987,0.3160405486
2324.241835,0.305307096
2324.723801,0.3196183661
2325.205766,0.2921884317
2325.687732,0.282647585
2326.169698,0.2987477639
2326.651663,0.3601669648
2327.133629,0.2957662493
2327.615594,0.2713178295
2328.09756,0.3029218843
2328.579526,0.313059034
2329.061491,0.3339296363
2329.543457,0.3225998807
2330.025422,0.2838401908
2330.507388,0.2635658915
2330.989354,0.2862254025
2331.471319,0.3076923077
2331.953285,0.3762671437
2332.43525,0.3881932021
2332.917216,0.3363148479
2333.399182,0.3381037567
2333.881147,0.3494335122
2334.363113,0.320810972
2334.845078,0.343470483
2335.327044,0.3291592129
2335.80901,0.3064997018
2336.290975,0.3166368515
2336.772941,0.3315444246
2337.254906,0.3148479428
2337.736872,0.2880143113
2338.218838,0.2844364937
2338.700803,0.290399523
2339.182769,0.2969588551
2339.664734,0.3082886106
2340.1467,0.2623732856
2340.628666,0.2379248658
2341.110631,0.2742993441
2341.592597,0.3202146691
2342.074562,0.3166368515
2342.556528,0.2945736434
2343.038494,0.305307096
2343.520459,0.3118664281
2344.002425,0.267143709
2344.48439,0.2665474061
2344.966356,0.2772808587
2345.448322,0.2766845558
2345.930287,0.2760882528
2346.412253,0.2319618366
2346.894218,0.2176505665
2347.376184,0.2236135957
2347.85815,0.1914132379
2348.340115,0.2110912343
2348.822081,0.2617769827
2349.304046,0.3035181872
2349.786012,0.2999403697
2350.267978,0.2766845558
2350.749943,0.2570065593
2351.231909,0.2695289207
2351.713874,0.2856290996
2352.19584,0.2355396541
2352.677806,0.2474657126
2353.159771,0.2432915921
2353.641737,0.2176505665
2354.123702,0.2438878951
2354.605668,0.2230172928
2355.087634,0.2474657126
2355.569599,0.2438878951
2356.051565,0.2880143113
2356.53353,0.3035181872
2357.015496,0.2659511032
2357.497462,0.2635658915
2357.979427,0.2742993441
2358.461393,0.2915921288
2358.943358,0.2689326178
2359.425324,0.2051282051
2359.90729,0.228980322
2360.389255,0.2641621944
2360.871221,0.2689326178
2361.353186,0.2039355993
2361.835152,0.1621943948
2362.317118,0.1747167561
2362.799083,0.1896243292
2363.281049,0.2391174717
2363.763014,0.2731067382
2364.24498,0.3011329756
2364.726946,0.3047107931
2365.208911,0.2886106142
2365.690877,0.3005366726
2366.172842,0.2707215265
2366.654808,0.2719141324
2367.136774,0.259391771
2367.618739,0.2259988074
2368.100705,0.2158616577
2368.58267,0.2039355993
2369.064636,0.1973762671
2369.546602,0.2218246869
2370.028567,0.2403100775
2370.510533,0.2456768038
2370.992498,0.2462731067
2371.474464,0.2230172928
2371.95643,0.2254025045
2372.438395,0.2665474061
2372.920361,0.2742993441
2373.402326,0.2683363148
2373.884292,0.2659511032
2374.366258,0.2719141324
2374.848223,0.2486583184
2375.330189,0.2248062016
2375.812154,0.2087060227
2376.29412,0.1949910555
2376.776086,0.2093023256
2377.258051,0.2343470483
2377.740017,0.2665474061
2378.221982,0.313059034
2378.703948,0.3184257603
2379.185914,0.3166368515
2379.667879,0.3208109973
2380.149845,0.3291592382
2380.63181,0.3363148732
2381.113776,0.3225999312
2381.595742,0.2987478396
2382.077707,0.3184258611
2382.559673,0.3202148205
2383.041638,0.2599883011
2383.523604,0.2587957967
2384.00557,0.2802628533
2384.487535,0.2707222361
2384.969501,0.2397147823
2385.451466,0.2623747525
2385.933432,0.3047128921
2386.415398,0.2677429934
2386.897363,0.264762743
2387.379329,0.2552236136
2387.861294,0.2546297555
2388.34326,0.2594034586
2388.825226,0.2456930233
2389.307191,0.2600104949
2389.789157,0.2618077519
2390.271122,0.3059454383
2390.753088,0.322060644
2391.235054,0.3029988074
2391.717019,0.2905032797
2392.198985,0.3143899821
2392.68095,0.2965462135
2393.162916,0.2858723912
2393.644882,0.3318640429
2394.126847,0.314072749
2394.608813,0.2992909958
2395.090778,0.2821586166
2395.572744,0.2507513417
2396.05471,0.2361001789
2396.536675,0.25490161
2397.018641,0.2433631485
2397.500606,0.2700834824
2397.982572,0.2724627311
2398.464538,0.2529039952
2398.946503,0.2364818128
2399.428469,0.23692904
2399.910434,0.2566487776
2400.3924,0.3124031008
2400.874366,0.326118068
2401.356331,0.3144305307
2401.838297,0.3502683363
2402.320262,0.3035181872
2402.802228,0.2661896243
2403.284194,0.2895646989
2403.766159,0.3080500894
2404.248125,0.3258795468
2404.73009,0.3693500298
2405.212056,0.3550387597
2405.694022,0.3132975552
2406.175987,0.3437686345
2406.657953,0.3315444246
2407.139918,0.290399523
2407.621884,0.290399523
2408.10385,0.282647585
2408.585815,0.2850327967
2409.067781,0.3035181872
2409.549746,0.305307096
2410.031712,0.3392963626
2410.513678,0.3595706619
2410.995643,0.4168157424
2411.477609,0.4358974359
2411.959574,0.4555754323
2412.44154,0.4973166369
2412.923506,0.518783542
2413.405471,0.556946929
2413.887437,0.6046511628
2414.369402,0.6475849732
2414.851368,0.7119856887
2415.333334,0.740608229
2415.815299,0.8366129994
2416.297265,0.9457364341
2416.77923,0.9833035182
2417.261196,1
2417.743162,0.9982110912
2418.225127,0.938580799
2418.707093,0.8795468098
2419.189058,0.7793679189
2419.671024,0.656529517
2420.15299,0.5784138342
2420.634955,0.5169946333
2421.116921,0.4341085271
2421.598886,0.4221824687
2422.080852,0.4138342278
2422.562818,0.3804412642
2423.044783,0.404293381
2423.526749,0.3846153846
2424.008714,0.3440667859
2424.49068,0.3214072749
2424.972646,0.3220035778
2425.454611,0.3249850924
2425.936577,0.335718545
2426.418542,0.3088849135
2426.900508,0.2963625522
2427.382474,0.2808586762
2427.864439,0.2420989863
2428.346405,0.228980322
2428.82837,0.2832438879
2429.310336,0.2887895051
2429.792302,0.2746571258
2430.274267,0.2766249255
2430.756233,0.2369707812
2431.238198,0.224090638
2431.720164,0.2475849732
2432.20213,0.2745974955
2432.684095,0.2525939177
2433.166061,0.2166964818
2433.648026,0.2599880739
2434.129992,0.2785927251
2434.611958,0.2321407275
2435.093923,0.2411449016
2435.575889,0.2701848539
2436.057854,0.2655933214
2436.53982,0.3034585569
2437.021786,0.3852116875
2437.503751,0.435301133
2437.985717,0.5181872391
2438.467682,0.5211687537
2438.949648,0.47346452
2439.431614,0.4490161002
2439.913579,0.3720930233
2440.395545,0.3329159213
2440.87751,0.3531305903
2441.359476,0.3523673226
2441.841442,0.3349850924
2442.323407,0.320110316
2442.805373,0.259602266
2443.287338,0.2201669648
2443.769304,0.2469642218
2444.25127,0.2421687537
2444.733235,0.2379765057
2445.215201,0.2695668456
2445.697166,0.3238202147
2446.179132,0.2898233751
2446.661098,0.2671583184
2447.143063,0.289217412
2447.625029,0.2689401312
2448.106994,0.3166421944
2448.58896,0.3500335897
2449.070926,0.3220062373
2449.552891,0.270723381
2450.034857,0.2295779249
2450.516822,0.2319627311
2450.998788,0.2176511866
2451.480754,0.2051286345
2451.962719,0.2456770817
2452.444685,0.2874182105
2452.92665,0.2534288682
2453.408616,0.2558140292
2453.890582,0.293977391
2454.372547,0.3184258108
2454.854513,0.3327370557
2455.336478,0.3064997271
2455.818444,0.2993440668
2456.30041,0.2957662493
2456.782375,0.3237924866
2457.264341,0.3613595707
2457.746306,0.3822301729
2458.228272,0.4156231366
2458.710238,0.3768634466
2459.192203,0.3410852713
2459.674169,0.3124627311
2460.156134,0.3464519976
2460.6381,0.3452593918
2461.120066,0.3327370304
2461.602031,0.3583780561
2462.083997,0.3929636255
2462.565962,0.3720930233
2463.047928,0.3458556947
2463.529894,0.3398926655
2464.011859,0.343470483
2464.493825,0.3565891473
2464.97579,0.3392963626
2465.457756,0.3392963626
2465.939722,0.3375074538
2466.421687,0.3255813953
2466.903653,0.3870005963
2467.385618,0.4013118664
2467.867584,0.3559928444
2468.34955,0.3345259392
2468.831515,0.366129994
2469.313481,0.4311270125
2469.795446,0.4543828265
2470.277412,0.412045319
2470.759378,0.3923673226
2471.241343,0.3917710197
2471.723309,0.4126416219
2472.205274,0.4078711986
2472.68724,0.3947525343
2473.169206,0.4108527132
2473.651171,0.4114490161
2474.133137,0.3726893262
2474.615102,0.3601669648
2475.097068,0.3571854502
2475.579034,0.3488372093
2476.060999,0.3422778772
2476.542965,0.3637447823
2477.02493,0.3780560525
2477.506896,0.3959451401
2477.988862,0.389385808
2478.470827,0.4096601073
2478.952793,0.3506261181
2479.434758,0.3416815742
2479.916724,0.3595706619
2480.39869,0.2993440668
2480.880655,0.3410852713
2481.362621,0.4269528921
2481.844586,0.3965414431
2482.326552,0.3714967203
2482.808518,0.3995229577
2483.290483,0.3786523554
2483.772449,0.3220035778
2484.254414,0.3410852713
2484.73638,0.3709004174
2485.218346,0.3697078116
2485.700311,0.3697078116
2486.182277,0.4162194395
2486.664242,0.4215861658
2487.146208,0.3810375671
2487.628174,0.4013118664
2488.110139,0.419797257
2488.592105,0.4460345856
2489.07407,0.4245676804
2489.556036,0.4335122242
2490.038002,0.4740608229
2490.519967,0.4722719141
2491.001933,0.4651162791
2491.483898,0.4716756112
2491.965864,0.465712582
2492.44783,0.442456768
2492.929795,0.4287418008
2493.411761,0.412045319
2493.893726,0.4251639833
2494.375692,0.4394752534
2494.857658,0.4084675015
2495.339623,0.412045319
2495.821589,0.4072748956
2496.303554,0.3917710197
2496.78552,0.3553965414
2497.267486,0.366129994
2497.749451,0.3643410853
2498.231417,0.3852116875
2498.713382,0.4126416219
2499.195348,0.4347048301
2499.677314,0.4460345856
2500.159279,0.4293381038
2500.641245,0.4054859869
2501.12321,0.3804412642
2501.605176,0.3774597496
2502.087142,0.3864042934
2502.569107,0.3762671437
2503.051073,0.3732856291
2503.533038,0.3834227788
2504.015004,0.4364937388
2504.49697,0.4841979726
2504.978935,0.4925462135
2505.460901,0.4675014908
2505.942866,0.4358974359
2506.424832,0.4347048301
2506.906798,0.4209898629
2507.388763,0.4251639833
2507.870729,0.4078711986
2508.352694,0.3840190817
2508.83466,0.3756708408
2509.316626,0.4007155635
2509.798591,0.4060822898
2510.280557,0.3780560525
2510.762522,0.3559928444
2511.244488,0.3392963626
2511.726454,0.3494335122
2512.208419,0.3804412642
2512.690385,0.3500298151
2513.17235,0.3100775194
2513.654316,0.3333333333
2514.136282,0.327966607
2514.618247,0.3231961837
2515.100213,0.3261776983
2515.582178,0.3780560525
2516.064144,0.412045319
2516.54611,0.3518187239
2517.028075,0.3518187239
2517.510041,0.4019081694
2517.992006,0.3792486583
2518.473972,0.3625521765
2518.955938,0.3828264758
2519.437903,0.4096601073
2519.919869,0.4192009541
2520.401834,0.3947525343
2520.8838,0.3899821109
2521.365766,0.404293381
2521.847731,0.4019081694
2522.329697,0.4025044723
2522.811662,0.3899821109
2523.293628,0.4108527132
2523.775594,0.4323196184
2524.257559,0.4293381038
2524.739525,0.4150268336
2525.22149,0.3858079905
2525.703456,0.3947525343
2526.185422,0.3947525343
2526.667387,0.4108527132
2527.149353,0.4514013119
2527.631318,0.4215861658
2528.113284,0.3923673226
2528.59525,0.4007155635
2529.077215,0.3732856291
2529.559181,0.343470483
2530.041146,0.3619558736
2530.523112,0.3351222421
2531.005078,0.3106738223
2531.487043,0.3148479428
2531.969009,0.3059033989
2532.450974,0.2987477639
2532.93294,0.3255813953
2533.414906,0.3679189028
2533.896871,0.373881932
2534.378837,0.3631484794
2534.860802,0.3935599284
2535.342768,0.4376863447
2535.824734,0.4221824687
2536.306699,0.4317233154
2536.788665,0.4555754323
2537.27063,0.4603458557
2537.752596,0.4514013119
2538.234562,0.4746571258
2538.716527,0.4549791294
2539.198493,0.4549791294
2539.680458,0.5092426953
2540.162424,0.4591532499
2540.64439,0.4364937388
2541.126355,0.3923673226
2541.608321,0.3750745379
2542.090286,0.3917710197
2542.572252,0.404293381
2543.054218,0.3965414431
2543.536183,0.3887895051
2544.018149,0.3864042934
2544.500114,0.3786523554
2544.98208,0.3703041145
2545.464046,0.3852116875
2545.946011,0.3798449612
2546.427977,0.3494335122
2546.909942,0.3726893262
2547.391908,0.3536076327
2547.873874,0.3214072749
2548.355839,0.3297555158
2548.837805,0.3345259392
2549.31977,0.3076923077
2549.801736,0.2981514609
2550.283702,0.3029218843
2550.765667,0.3035181872
2551.247633,0.2939773405
2551.729598,0.2438878951
2552.211564,0.2242098986
2552.69353,0.2361359571
2553.175495,0.252236136
2553.657461,0.2534287418
2554.139426,0.2558139535
2554.621392,0.2778771616
2555.103358,0.2802623733
2555.585323,0.2993440668
2556.067289,0.3524150268
2556.549254,0.3744782349
2557.03122,0.3583780561
2557.513186,0.343470483
2557.995151,0.3220035778
2558.477117,0.32856291
2558.959082,0.3470483005
2559.441048,0.3750745379
2559.923014,0.3774597496
2560.404979,0.3625521765
2560.886945,0.3524150268
2561.36891,0.3214072749
2561.850876,0.3082886106
2562.332842,0.327966607
2562.814807,0.3691115086
2563.296773,0.3732856291
2563.778738,0.3691115086
2564.260704,0.3864042934
2564.74267,0.373881932
2565.224635,0.3488372093
2565.706601,0.3619558736
2566.188566,0.3327370304
2566.670532,0.2957662493
2567.152498,0.3196183661
2567.634463,0.3410852713
2568.116429,0.3273703041
2568.598394,0.3082886106
2569.08036,0.2892069171
2569.562326,0.28980322
2570.044291,0.2862254025
2570.526257,0.2528324389
2571.008222,0.2558139535
2571.490188,0.2558139535
2571.972154,0.252236136
2572.454119,0.3070960048
2572.936085,0.3172331544
2573.41805,0.2581991652
2573.900016,0.2200357782
2574.381982,0.228980322
2574.863947,0.2504472272
2575.345913,0.2868217054
2575.827878,0.2933810376
2576.309844,0.3249850924
2576.79181,0.3291592129
2577.273775,0.3339296363
2577.755741,0.3559928444
2578.237706,0.3059033989
2578.719672,0.2987477639
2579.201638,0.3476446035
2579.683603,0.3094812165
2580.165569,0.2725104353
2580.647534,0.3106738223
2581.1295,0.3482409064
2581.611466,0.351222421
2582.093431,0.3398926655
2582.575397,0.3023255814
2583.057362,0.2808586762
2583.539328,0.3154442457
2584.021294,0.3166368515
2584.503259,0.2915921288
2584.985225,0.3076923077
2585.46719,0.3172331544
2585.949156,0.3005366726
2586.431122,0.2993440668
2586.913087,0.3446630888
2587.395053,0.3291592129
2587.877018,0.2945736434
2588.358984,0.3154442457
2588.84095,0.2951699463
2589.322915,0.3023255814
2589.804881,0.3178294574
2590.286846,0.3005366726
2590.768812,0.2874180083
2591.250778,0.2993440668
2591.732743,0.3124627311
2592.214709,0.2939773405
2592.696674,0.2784734645
2593.17864,0.3124627311
2593.660606,0.3255813953
2594.142571,0.2892069171
2594.624537,0.259391771
2595.106502,0.2432915921
2595.588468,0.2498509243
2596.070434,0.2528324389
2596.552399,0.251639833
2597.034365,0.2617769827
2597.51633,0.2540250447
2597.998296,0.2647584973
2598.480262,0.2832438879
2598.962227,0.2820512821
2599.444193,0.290399523
2599.926158,0.2480620155
2600.408124,0.2397137746
2600.89009,0.2397137746
2601.372055,0.1949910555
2601.854021,0.1621943948
2602.335986,0.1890280262
2602.817952,0.2474657126
2603.299918,0.2790697674
2603.781883,0.3070960048
2604.263849,0.3381037567
2604.745814,0.3494335122
2605.22778,0.3500298151
2605.709746,0.3446630888
2606.191711,0.3524150268
2606.673677,0.3703041145
2607.155642,0.3864042934
2607.637608,0.4019081694
2608.119574,0.404889684
2608.601539,0.3959451401
2609.083505,0.4084675015
2609.56547,0.3935599284
2610.047436,0.3452593918
2610.529402,0.3351222421
2611.011367,0.3565891473
2611.493333,0.3488372093
2611.975298,0.3440667859
2612.457264,0.3351222421
2612.93923,0.3231961837
2613.421195,0.2945736434
2613.903161,0.2772808587
2614.385126,0.2647584973
2614.867092,0.2862254025
2615.349058,0.2909958259
2615.831023,0.2784734645
2616.312989,0.3124627311
2616.794954,0.3261776983
2617.27692,0.3005366726
2617.758886,0.2927847346
2618.240851,0.3041144902
2618.722817,0.3178294574
2619.204782,0.3488372093
2619.686748,0.3864042934
2620.168714,0.3840190817
2620.650679,0.3953488372
2621.132645,0.3875968992
2621.61461,0.351222421
2622.096576,0.3273703041
2622.578542,0.32856291
2623.060507,0.3536076327
2623.542473,0.404889684
2624.024438,0.4376863447
2624.506404,0.4168157424
2624.98837,0.4329159213
2625.470335,0.4281454979
2625.952301,0.38163387
2626.434266,0.3780560525
2626.916232,0.4036970781
2627.398198,0.3947525343
2627.880163,0.3822301729
2628.362129,0.3959451401
2628.844094,0.3840190817
2629.32606,0.3756708408
2629.808026,0.3631484794
2630.289991,0.305307096
2630.771957,0.2581991652
2631.253922,0.2438878951
2631.735888,0.2349433512
2632.217854,0.221228384
2632.699819,0.2116875373
2633.181785,0.2087060227
2633.66375,0.2158616577
2634.145716,0.2122838402
2634.627682,0.1884317233
2635.109647,0.1824686941
2635.591613,0.2146690519
2636.073578,0.2277877162
2636.555544,0.1771019678
2637.03751,0.1437090042
2637.519475,0.175909362
2638.001441,0.2045319022
2638.483406,0.2098986285
2638.965372,0.1860465116
2639.447338,0.1824686941
2639.929303,0.1860465116
2640.411269,0.1890280262
2640.893234,0.1884317233
2641.3752,0.1818723912
2641.857166,0.1663685152
2642.339131,0.1699463327
2642.821097,0.1943947525
2643.303062,0.1812760883
2643.785028,0.1621943948
2644.266994,0.1240310078
2644.748959,0.05909361956
2645.230925,0.0816935003
2645.71289,0.1240310078
2646.194856,0.1270125224
2646.676822,0.1335718545
2647.158787,0.1323792487
2647.640753,0.1735241503
2648.122718,0.1508646392
2648.604684,0.1490757305
2649.08665,0.1550387597
2649.568615,0.1276088253
2650.050581,0.1341681574
2650.532546,0.129397734
2651.014512,0.1317829457
2651.496478,0.1150864639
2651.978443,0.1109123435
2652.460409,0.1109123435
2652.942374,0.1037567084
2653.42434,0.08407871199
2653.906306,0.08228980322
2654.388271,0.1079308289
2654.870237,0.08288610614
2655.352202,0.05313059034
2655.834168,0.06857483602
2656.316134,0.08467501491
2656.798099,0.07990459153
2657.280065,0.1174716756
2657.76203,0.160405486
2658.243996,0.1747167561
2658.725962,0.1854502087
2659.207927,0.183064997
2659.689893,0.1478831246
2660.171858,0.1335718545
2660.653824,0.114490161
2661.13579,0.1186642815
2661.617755,0.1329755516
2662.099721,0.122242099
2662.581686,0.137745975
2663.063652,0.1806797853
2663.545618,0.2033392964
2664.027583,0.1723315444
2664.509549,0.1478831246
2664.991514,0.1401311866
2665.47348,0.1240310078
2665.955446,0.1276088253
2666.437411,0.1347644603
2666.919377,0.1454979129
2667.401342,0.1586165772
2667.883308,0.1574239714
2668.365274,0.1437090042
2668.847239,0.1401311866
2669.329205,0.1460942159
2669.81117,0.1478831246
2670.293136,0.1305903399
2670.775102,0.1419200954
2671.257067,0.1794871795
2671.739033,0.175909362
2672.220998,0.1389385808
2672.702964,0.1240310078
2673.18493,0.1341681574
2673.666895,0.1544424568
2674.148861,0.1490757305
2674.630826,0.1395348837
2675.112792,0.1657722123
2675.594758,0.1782945736
2676.076723,0.167561121
2676.558689,0.1627906977
2677.040654,0.1359570662
2677.52262,0.1419200954
2678.004586,0.2152653548
2678.486551,0.2236135957
2678.968517,0.1705426357
2679.450482,0.1419200954
2679.932448,0.1592128801
2680.414414,0.1627906977
2680.896379,0.1663685152
2681.378345,0.1794871795
2681.86031,0.2051282051
2682.342276,0.2218246869
2682.824242,0.2230172928
2683.306207,0.2373285629
2683.788173,0.2403100775
2684.270138,0.2438878951
2684.752104,0.2295766249
2685.23407,0.206320811
2685.716035,0.213476446
2686.198001,0.2087060227
2686.679966,0.2003577818
2687.161932,0.2331544425
2687.643898,0.2665474061
2688.125863,0.2474657126
2688.607829,0.2355396541
2689.089794,0.2552176506
2689.57176,0.2581991652
2690.053726,0.2677400119
2690.535691,0.3005366726
2691.017657,0.290399523
2691.499622,0.2808586762
2691.981588,0.3082886106
2692.463554,0.3351222421
2692.945519,0.3214072749
2693.427485,0.3154442457
2693.90945,0.290399523
2694.391416,0.2713178295
2694.873382,0.2277877162
2695.355347,0.213476446
2695.837313,0.2110912343
2696.319278,0.2093023256
2696.801244,0.2110912343
2697.28321,0.213476446
2697.765175,0.1866428145
2698.247141,0.1610017889
2698.729106,0.1711389386
2699.211072,0.1848539058
2699.693038,0.152653548
2700.175003,0.1389385808
2700.656969,0.1741204532
2701.138934,0.2015503876
2701.6209,0.1979725701
2702.102866,0.206320811
2702.584831,0.2379248658
2703.066797,0.2403100775
2703.548762,0.2069171139
2704.030728,0.23673226
2704.512694,0.2707215265
2704.994659,0.2546213476
2705.476625,0.2921884317
2705.95859,0.3118664281
2706.440556,0.3011329756
2706.922522,0.3190220632
2707.404487,0.3410852713
2707.886453,0.3255813953
2708.368418,0.3118664281
2708.850384,0.3392963626
2709.33235,0.3887895051
2709.814315,0.3768634466
2710.296281,0.3810375671
2710.778246,0.3601669648
2711.260212,0.3351222421
2711.742178,0.3273703041
2712.224143,0.3488372093
2712.706109,0.3834227788
2713.188074,0.3804412642
2713.67004,0.3422778772
2714.152006,0.3422778772
2714.633971,0.3446630888
2715.115937,0.3220035778
2715.597902,0.3345259392
2716.079868,0.3720930233
2716.561834,0.3720930233
2717.043799,0.366726297
2717.525765,0.3834227788
2718.00773,0.366129994
2718.489696,0.3243887895
2718.971662,0.3494335122
2719.453627,0.3691115086
2719.935593,0.3506261181
2720.417558,0.3649373882
2720.899524,0.3583780561
2721.38149,0.3321407275
2721.863455,0.3088849135
2722.345421,0.3261776983
2722.827386,0.3786523554
2723.309352,0.3762671437
2723.791318,0.3756708408
2724.273283,0.3720930233
2724.755249,0.3404889684
2725.237214,0.3691115086
2725.71918,0.3852116875
2726.201146,0.38163387
2726.683111,0.3822301729
2727.165077,0.3810375671
2727.647042,0.3792486583
2728.129008,0.3464519976
2728.610974,0.3446630888
2729.092939,0.3506261181
2729.574905,0.3297555158
2730.05687,0.3500298151
2730.538836,0.3637447823
2731.020802,0.3649373882
2731.502767,0.3524150268
2731.984733,0.3613595707
2732.466698,0.3565891473
2732.948664,0.3571854502
2733.43063,0.3464519976
2733.912595,0.3237924866
2734.394561,0.3464519976
2734.876526,0.3231961837
2735.358492,0.2981514609
2735.840458,0.2963625522
2736.322423,0.2814549791
2736.804389,0.2933810376
2737.286354,0.343470483
2737.76832,0.4162194395
2738.250286,0.4460345856
2738.732251,0.4376863447
2739.214217,0.4269528921
2739.696182,0.4221824687
2740.178148,0.3977340489
2740.660114,0.366726297
2741.142079,0.4096601073
2741.624045,0.443053071
2742.10601,0.4406678593
2742.587976,0.4347048301
2743.069942,0.4096601073
2743.551907,0.4281454979
2744.033873,0.4287418008
2744.515838,0.4126416219
2744.997804,0.3977340489
2745.47977,0.3923673226
2745.961735,0.3864042934
2746.443701,0.3899821109
2746.925666,0.4102564103
2747.407632,0.4460345856
2747.889598,0.4347048301
2748.371563,0.4096601073
2748.853529,0.3905784138
2749.335494,0.3762671437
2749.81746,0.3679189028
2750.299426,0.4138342278
2750.781391,0.4126416219
2751.263357,0.3685152057
2751.745322,0.3709004174
2752.227288,0.3768634466
2752.709254,0.3858079905
2753.191219,0.3864042934
2753.673185,0.3965414431
2754.15515,0.3858079905
2754.637116,0.3679189028
2755.119082,0.351222421
2755.601047,0.3029218843
2756.083013,0.3118664281
2756.564978,0.32856291
2757.046944,0.3106738223
2757.52891,0.2689326178
2758.010875,0.2796660704
2758.492841,0.2653548002
2758.974806,0.244484198
2759.456772,0.2152653548
2759.938738,0.198568873
2760.420703,0.2033392964
2760.902669,0.1961836613
2761.384634,0.1848539058
2761.8666,0.1854502087
2762.348566,0.1920095408
2762.830531,0.190816935
2763.312497,0.1651759094
2763.794462,0.1532498509
2764.276428,0.1961836613
2764.758394,0.2093023256
2765.240359,0.1979725701
2765.722325,0.1878354204
2766.20429,0.168157424
2766.686256,0.1484794275
2767.168222,0.1431127013
2767.650187,0.1216457961
2768.132153,0.1180679785
2768.614118,0.1460942159
2769.096084,0.1073345259
2769.57805,0.09898628503
2770.060015,0.1073345259
2770.541981,0.05491949911
2771.023946,0
2771.505912,0
2771.987878,0
2772.469843,0
2772.951809,0
2773.433774,0
2773.91574,0
2774.397706,0
2774.879671,0
2775.361637,0
2775.843602,0
2776.325568,0
2776.807534,0
2777.289499,0
2777.771465,0
2778.25343,0
2778.735396,0
2779.217362,0
2779.699327,0
2780.181293,0
2780.663258,0
2781.145224,0
2781.62719,0
2782.109155,0
2782.591121,0
2783.073086,0
2783.555052,0
2784.037018,0
2784.518983,0
2785.000949,0
2785.482914,0
2785.96488,0
2786.446846,0
2786.928811,0
2787.410777,0
2787.892742,0
2788.374708,0
2788.856674,0
2789.338639,0
2789.820605,0
2790.30257,0
2790.784536,0
2791.266502,0
2791.748467,0
2792.230433,0
2792.712398,0
2793.194364,0
2793.67633,0
2794.158295,0
2794.640261,0
2795.122226,0
2795.604192,0
2796.086158,0
2796.568123,0
2797.050089,0
2797.532054,0
2798.01402,0
2798.495986,0
2798.977951,0
2799.459917,0
2799.941882,0
2800.423848,0
2800.905814,0
2801.387779,0
2801.869745,0
2802.35171,0
2802.833676,0
2803.315642,0
2803.797607,0
2804.279573,0
2804.761538,0
2805.243504,0
2805.72547,0
2806.207435,0
2806.689401,0
2807.171366,0
2807.653332,0
2808.135298,0
2808.617263,0
2809.099229,0
2809.581194,0
2810.06316,0
2810.545126,0
2811.027091,0
2811.509057,0
2811.991022,0
2812.472988,0
2812.954954,0
2813.436919,0
2813.918885,0
2814.40085,0
2814.882816,0
2815.364782,0
2815.846747,0
2816.328713,0
2816.810678,0
2817.292644,0
2817.77461,0
2818.256575,0
2818.738541,0.03887895051
2819.220506,0.05366726297
2819.702472,0.07036374478
2820.184438,0.09361955874
2820.666403,0.0870602266
2821.148369,0.06618962433
2821.630334,0.0954084675
2822.1123,0.1508646392
2822.594266,0.1544424568
2823.076231,0.1937984496
2823.558197,0.2254025045
2824.040162,0.2158616577
2824.522128,0.2188431723
2825.004094,0.2283840191
2825.486059,0.274895647
2825.968025,0.305307096
2826.44999,0.3160405486
2826.931956,0.3005366726
2827.413922,0.2832438879
2827.895887,0.3243887895
2828.377853,0.3559928444
2828.859818,0.343470483
2829.341784,0.3679189028
2829.82375,0.3828264758
2830.305715,0.3881932021
2830.787681,0.373881932
2831.269646,0.3220035778
2831.751612,0.3404889684
2832.233578,0.3410852713
2832.715543,0.32856291
2833.197509,0.3804412642
2833.679474,0.4066785927
2834.16144,0.4233750745
2834.643406,0.4108527132
2835.125371,0.4001192606
2835.607337,0.3697078116
2836.089302,0.3422778772
2836.571268,0.4072748956
2837.053234,0.4323196184
2837.535199,0.4400715564
2838.017165,0.4126416219
2838.49913,0.4287418008
2838.981096,0.465712582
2839.463062,0.435301133
2839.945027,0.4299344067
2840.426993,0.4239713775
2840.908958,0.4609421586
2841.390924,0.4824090638
2841.87289,0.4669051878
2842.354855,0.4400715564
2842.836821,0.4412641622
2843.318786,0.4514013119
2843.800752,0.4651162791
2844.282718,0.4716756112
2844.764683,0.4525939177
2845.246649,0.4251639833
2845.728614,0.4156231366
2846.21058,0.4388789505
2846.692546,0.4358974359
2847.174511,0.427549195
2847.656477,0.4281454979
2848.138442,0.4013118664
2848.620408,0.4168157424
2849.102374,0.4496124031
2849.584339,0.4686940966
2850.066305,0.4561717352
2850.54827,0.4561717352
2851.030236,0.4549791294
2851.512202,0.4382826476
2851.994167,0.4287418008
2852.476133,0.3995229577
2852.958098,0.3858079905
2853.440064,0.3929636255
2853.92203,0.4251639833
2854.403995,0.3977340489
2854.885961,0.3685152057
2855.367926,0.3637447823
2855.849892,0.3583780561
2856.331858,0.3756708408
2856.813823,0.3643410853
2857.295789,0.3565891473
2857.777754,0.3947525343
2858.25972,0.3953488372
2858.741686,0.3780560525
2859.223651,0.3500298151
2859.705617,0.3088849135
2860.187582,0.2909958259
2860.669548,0.3237924866
2861.151514,0.3458556947
2861.633479,0.3577817531
2862.115445,0.3351222421
2862.59741,0.3220035778
2863.079376,0.3333333333
2863.561342,0.3190220632
2864.043307,0.3249850924
2864.525273,0.3542039356
2865.007238,0.3542039356
2865.489204,0.3327370304
2865.97117,0.3709004174
2866.453135,0.3911747168
2866.935101,0.3559928444
2867.417066,0.351222421
2867.899032,0.3524150268
2868.380998,0.3524150268
2868.862963,0.3458556947
2869.344929,0.3714967203
2869.826894,0.4007155635
2870.30886,0.3870005963
2870.790826,0.3786523554
2871.272791,0.3762671437
2871.754757,0.3977340489
2872.236722,0.3762671437
2872.718688,0.3542039356
2873.200654,0.3339296363
2873.682619,0.3231961837
2874.164585,0.3327370304
2874.64655,0.320810972
2875.128516,0.358974359
2875.610482,0.3744782349
2876.092447,0.3047107931
2876.574413,0.2850327967
2877.056378,0.3220035778
2877.538344,0.3416815742
2878.02031,0.3076923077
2878.502275,0.2778771616
2878.984241,0.2665474061
2879.466206,0.2474657126
2879.948172,0.2778771616
2880.430138,0.2963625522
2880.912103,0.3172331544
2881.394069,0.32856291
2881.876034,0.3082886106
2882.358,0.2832438879
2882.839966,0.2957662493
2883.321931,0.2999403697
2883.803897,0.2754919499
2884.285862,0.2915921288
2884.767828,0.2844364937
2885.249794,0.2820512821
2885.731759,0.2927847346
2886.213725,0.2850327967
2886.69569,0.2856290996
2887.177656,0.2605843769
2887.659622,0.2540250447
2888.141587,0.2665474061
2888.623553,0.2587954681
2889.105518,0.2713178295
2889.587484,0.2641621944
2890.06945,0.3005366726
2890.551415,0.320810972
2891.033381,0.3059033989
2891.515346,0.282647585
2891.997312,0.267143709
2892.479278,0.2653548002
2892.961243,0.2713178295
2893.443209,0.2796660704
2893.925174,0.2695289207
2894.40714,0.2653548002
2894.889106,0.2432915921
2895.371071,0.2438878951
2895.853037,0.2259988074
2896.335002,0.2122838402
2896.816968,0.2259988074
2897.298934,0.2385211688
2897.780899,0.23673226
2898.262865,0.2158616577
2898.74483,0.1932021467
2899.226796,0.1669648181
2899.708762,0.1586165772
2900.190727,0.1669648181
2900.672693,0.1550387597
2901.154658,0.1311866428
2901.636624,0.1210494931
2902.11859,0.1466905188
2902.600555,0.1359570662
2903.082521,0.1484794275
2903.564486,0.1615980918
2904.046452,0.1663685152
2904.528418,0.1717352415
2905.010383,0.168157424
2905.492349,0.1431127013
2905.974314,0.1580202743
2906.45628,0.1878354204
2906.938246,0.1926058438
2907.420211,0.2003577818
2907.902177,0.1872391175
2908.384142,0.1693500298
2908.866108,0.1627906977
2909.348074,0.1520572451
2909.830039,0.160405486
2910.312005,0.1627906977
2910.79397,0.1645796064
2911.275936,0.1532498509
2911.757902,0.137745975
2912.239867,0.1544424568
2912.721833,0.1788908766
2913.203798,0.1490757305
2913.685764,0.1466905188
2914.16773,0.1520572451
2914.649695,0.137149672
2915.131661,0.1395348837
2915.613626,0.1395348837
2916.095592,0.1854502087
2916.577558,0.2087060227
2917.059523,0.2122838402
2917.541489,0.1848539058
2918.023454,0.1687537269
2918.50542,0.1693500298
2918.987386,0.1520572451
2919.469351,0.1651759094
2919.951317,0.1544424568
2920.433282,0.1586165772
2920.915248,0.1776982707
2921.397214,0.1711389386
2921.879179,0.1842576029
2922.361145,0.2337507454
2922.84311,0.244484198
2923.325076,0.2540250447
2923.807042,0.2969588551
2924.289007,0.3184257603
2924.770973,0.3112701252
2925.252938,0.2933810376
2925.734904,0.2874180083
2926.21687,0.3005366726
2926.698835,0.3255813953
2927.180801,0.3303518187
2927.662766,0.3458556947
2928.144732,0.366726297
2928.626698,0.3601669648
2929.108663,0.3530113298
2929.590629,0.3446630888
2930.072594,0.3047107931
2930.55456,0.282647585
2931.036526,0.2987477639
2931.518491,0.2695289207
2932.000457,0.2486583184
2932.482422,0.2564102564
2932.964388,0.2844364937
2933.446354,0.2754919499
2933.928319,0.2766845558
2934.410285,0.3076923077
2934.89225,0.3184257603
2935.374216,0.3064997018
2935.856182,0.3166368515
2936.338147,0.3184257603
2936.820113,0.2957662493
2937.302078,0.3112701252
2937.784044,0.3327370304
2938.26601,0.3017292785
2938.747975,0.2927847346
2939.229941,0.2844364937
2939.711906,0.2808586762
2940.193872,0.2766845558
2940.675838,0.2528324389
2941.157803,0.2629695886
2941.639769,0.2790697674
2942.121734,0.2510435301
2942.6037,0.2391174717
2943.085666,0.2498509243
2943.567631,0.2927847346
2944.049597,0.3488372093
2944.531562,0.3428741801
2945.013528,0.327966607
2945.495494,0.3124627311
2945.977459,0.3255813953
2946.459425,0.3392963626
2946.94139,0.3381037567
2947.423356,0.32856291
2947.905322,0.3333333333
2948.387287,0.3428741801
2948.869253,0.3214072749
2949.351218,0.3351222421
2949.833184,0.3148479428
2950.31515,0.2957662493
2950.797115,0.2844364937
2951.279081,0.2945736434
2951.761046,0.290399523
2952.243012,0.2874180083
2952.724978,0.3011329756
2953.206943,0.2987477639
2953.688909,0.297555158
2954.170874,0.2617769827
2954.65284,0.2546213476
2955.134806,0.2605843769
2955.616771,0.2558139535
2956.098737,0.23673226
2956.580702,0.2158616577
2957.062668,0.2391174717
2957.544634,0.2432915921
2958.026599,0.2349433512
2958.508565,0.2325581395
2958.99053,0.2033392964
2959.472496,0.2170542636
2959.954462,0.2450805009
2960.436427,0.2546213476
2960.918393,0.2969588551
2961.400358,0.297555158
2961.882324,0.2677400119
2962.36429,0.2862254025
2962.846255,0.3023255814
2963.328221,0.3029218843
2963.810186,0.2921884317
2964.292152,0.305307096
2964.774118,0.2945736434
2965.256083,0.2713178295
2965.738049,0.313059034
2966.220014,0.3237924866
2966.70198,0.2766845558
2967.183946,0.2677400119
2967.665911,0.2796660704
2968.147877,0.2665474061
2968.629842,0.2492546213
2969.111808,0.2403100775
2969.593774,0.2629695886
2970.075739,0.2868217054
2970.557705,0.3118664281
2971.03967,0.3249850924
2971.521636,0.2981514609
2972.003602,0.2391174717
2972.485567,0.2373285629
2972.967533,0.2635658915
2973.449498,0.2307692308
2973.931464,0.2200357782
2974.41343,0.2206320811
2974.895395,0.1943947525
2975.377361,0.1866428145
2975.859326,0.1878354204
2976.341292,0.1973762671
2976.823258,0.2391174717
2977.305223,0.2540250447
2977.787189,0.2504472272
2978.269154,0.2564102564
2978.75112,0.2528324389
2979.233086,0.2713178295
2979.715051,0.3082886106
2980.197017,0.3148479428
2980.678982,0.3112701252
2981.160948,0.3225998807
2981.642914,0.3267740012
2982.124879,0.3142516398
2982.606845,0.3076923077
2983.08881,0.3106738223
2983.570776,0.3059033989
2984.052742,0.3327370304
2984.534707,0.3398926655
2985.016673,0.3184257603
2985.498638,0.2790697674
2985.980604,0.2629695886
2986.46257,0.2719141324
2986.944535,0.2504472272
2987.426501,0.2492546213
2987.908466,0.2122838402
2988.390432,0.190816935
2988.872398,0.1854502087
2989.354363,0.1633870006
2989.836329,0.14490161
2990.318294,0.09898628503
2990.80026,0.0549791294
2991.282226,0.06857483602
2991.764191,0.04937388193
2992.246157,0.07274895647
2992.728122,0.06797853309
2993.210088,0.05223613596
2993.692054,0.06559332141
2994.174019,0.03762671437
2994.655985,0.01627906977
2995.13795,0.04084675015
2995.619916,0.08527131783
2996.101882,0.1001788909
2996.583847,0.1127012522
2997.065813,0.1401311866
2997.547778,0.1818723912
2998.029744,0.1848539058
2998.51171,0.1621943948
2998.993675,0.1961836613
2999.475641,0.2116875373
2999.957606,0.1818723912
3000.439572,0.2224209899
3000.921538,0.252236136
3001.403503,0.2564102564
3001.885469,0.2886106142
3002.367434,0.2486583184
3002.8494,0.2188431723
3003.331366,0.2337507454
3003.813331,0.2146690519
3004.295297,0.1896243292
3004.777262,0.1633870006
3005.259228,0.1454979129
3005.741194,0.1049493143
3006.223159,0.06022659511
3006.705125,0.03166368515
3007.18709,0
3007.669056,0
3008.151022,0
3008.632987,0.01216457961
3009.114953,0.02259988074
3009.596918,0.02838401908
3010.078884,0.03231961837
3010.56085,0.009421586166
3011.042815,0
3011.524781,0
3012.006746,0.001520572451
3012.488712,0
3012.970678,0
3013.452643,8.41E-05
3013.934609,0
3014.416574,0
3014.89854,0
3015.380506,0
3015.862471,0
3016.344437,0
3016.826402,0
3017.308368,0.006320810972
3017.790334,0.04627310674
3018.272299,0.06499701849
3018.754265,0.032856291
3019.23623,0.02277877162
3019.718196,0.01711389386
3020.200162,0.01431127013
3020.682127,0.01401311866
3021.164093,0
3021.646058,0
3022.128024,0.02498509243
3022.60999,0.02939773405
3023.091955,0
3023.573921,0.0006499701849
3024.055886,0
3024.537852,0
3025.019818,0
3025.501783,0
3025.983749,0
3026.465714,0
3026.94768,0
3027.429646,0.01305903399
3027.911611,0.03983303518
3028.393577,0.04358974359
3028.875542,0.08527131783
3029.357508,0.07274895647
3029.839474,0.04686940966
3030.321439,0.02886106142
3030.803405,0.02307692308
3031.28537,0.0327966607
3031.767336,0.0511627907
3032.249302,0.1037567084
3032.731267,0.1282051282
3033.213233,0.1276088253
3033.695198,0.1138938581
3034.177164,0.08288610614
3034.65913,0.07155635063
3035.141095,0.06559332141
3035.623061,0.06022659511
3036.105026,0.05766249255
3036.586992,0.05790101371
3037.068958,0.04746571258
3037.550923,0.04669051878
3038.032889,0.02880143113
3038.514854,0.0007751937984
3038.99682,0
3039.478786,0
3039.960751,0.05629099583
3040.442717,0.07871198569
3040.924682,0.06738223017
3041.406648,0.06440071556
3041.888614,0.06499701849
3042.370579,0.06141920095
3042.852545,0.06917113894
3043.33451,0.06857483602
3043.816476,0.08109719738
3044.298442,0.06201550388
3044.780407,0.05521765057
3045.262373,0.05491949911
3045.744338,0.04484197973
3046.226304,0.05408467501
3046.70827,0.0709600477
3047.190235,0.06797853309
3047.672201,0.06559332141
3048.154166,0.06022659511
3048.636132,0.07334525939
3049.118098,0.0488372093
3049.600063,0.04603458557
3050.082029,0.06499701849
3050.563994,0.04311270125
3051.04596,0.03154442457
3051.527926,0.04299344067
3052.009891,0.06201550388
3052.491857,0.04472271914
3052.973822,0.008765652952
3053.455788,0
3053.937754,0
3054.419719,0.02116875373
3054.901685,0.01854502087
3055.38365,0.02313655337
3055.865616,0.03249850924
3056.347582,0.05056648778
3056.829547,0.06141920095
3057.311513,0.07036374478
3057.793478,0.08348240906
3058.275444,0.09898628503
3058.75741,0.1031604055
3059.239375,0.09481216458
3059.721341,0.07334525939
3060.203306,0.02856290996
3060.685272,0.01115086464
3061.167238,0.04442456768
3061.649203,0.09421586166
3062.131169,0.1323792487
3062.613134,0.1401311866
3063.0951,0.1150864639
3063.577066,0.05915324985
3064.059031,0.06618962433
3064.540997,0.08109719738
3065.022962,0.1156827668
3065.504928,0.1276088253
3065.986894,0.1466905188
3066.468859,0.1359570662
3066.950825,0.1132975552
3067.43279,0.07871198569
3067.914756,0.04633273703
3068.396722,0.01824686941
3068.878687,0.02146690519
3069.360653,0.03989266547
3069.842618,0.04818127609
3070.324584,0.01669648181
3070.80655,0.04084675015
3071.288515,0.09063804413
3071.770481,0.09123434705
3072.252446,0.1013714967
3072.734412,0.09838998211
3073.216378,0.09958258795
3073.698343,0.1061419201
3074.180309,0.1162790698
3074.662274,0.1288014311
3075.14424,0.1192605844
3075.626206,0.1132975552
3076.108171,0.1317829457
3076.590137,0.1514609422
3077.072102,0.1538461538
3077.554068,0.1747167561
3078.036034,0.1645796064
3078.517999,0.129397734
3078.999965,0.07334525939
3079.48193,0.05909361956
3079.963896,0.07453786524
3080.445862,0.06917113894
3080.927827,0.06857483602
3081.409793,0.03822301729
3081.891758,0
3082.373724,0
3082.85569,0
3083.337655,0
3083.819621,0
3084.301586,0
3084.783552,0
3085.265518,0
3085.747483,0
3086.229449,0
3086.711414,0
3087.19338,0
3087.675346,0
3088.157311,0
3088.639277,0
3089.121242,0
3089.603208,0